Row,data_split,feasible,infeasibility_flag,error_message
Abbottina_rivularis,train,1,0,
Ablennes_hians,test,1,0,
Abramis_brama,train,1,0,
Abroscopus_superciliaris,train,1,0,
Acanthis_flammea,val,1,0,
Acanthis_hornemanni,train,1,0,
Acanthisitta_chloris,train,1,0,
Acanthiza_chrysorrhoa,test,1,0,
Acanthiza_inornata,train,1,0,
Acanthochromis_polyacanthus,train,1,0,
Acanthoclinus_littoreus,train,1,0,
Acanthocybium_solandri,train,1,0,
Acanthodactylus_boskianus,train,1,0,
Acanthodactylus_harranensis,train,1,0,
Acanthogobius_flavimanus,test,1,0,
Acanthopagrus_arabicus,test,1,0,
Acanthopagrus_australis,train,1,0,
Acarichthys_heckelii,train,1,0,
Accipiter_cooperii,train,1,0,
Accipiter_fasciatus,test,1,0,
Accipiter_nisus,train,1,0,
Achoerodus_gouldii,test,1,0,
Achoerodus_viridis,train,1,0,
Achondrostoma_arcasii,test,1,0,
Acipenser_baerii,val,1,0,
Acipenser_gueldenstaedtii,test,1,0,
Acipenser_medirostris,train,1,0,
Acipenser_persicus,val,1,0,
Acipenser_ruthenus,val,1,0,
Acipenser_stellatus,train,1,0,
Acipenser_sturio,val,1,0,
Acipenser_transmontanus,test,1,0,
Acridotheres_cristatellus,val,1,0,
Acridotheres_tristis,val,1,0,
Acrocephalus_arundinaceus,train,1,0,
Acrocephalus_melanopogon,train,1,0,
Acrocephalus_palustris,train,1,0,
Acrocephalus_scirpaceus,val,1,0,
Acrocheilus_alutaceus,val,1,0,
Acroteriobatus_annulatus,train,1,0,
Actinonaias_ligamentina,train,1,0,
Actitis_macularius,train,1,0,
Acyrtops_beryllinus,train,1,0,
Aegolius_acadicus,train,1,0,
Aegotheles_cristatus,train,1,0,
Aerodramus_bartschi,train,1,0,
Aerodramus_brevirostris,train,1,0,
Aerodramus_fuciphagus,val,1,0,
Aerodramus_hirundinaceus,test,1,0,
Aerodramus_spodiopygius,train,1,0,
Aeronautes_saxatalis,val,1,0,
Aethaloperca_rogaa,test,1,0,
Aethia_cristatella,train,1,0,
Aethia_psittacula,train,1,0,
Aethia_pusilla,val,1,0,
Aethia_pygmaea,train,1,0,
Aethotaxis_mitopteryx,train,1,0,
Aetobatus_flagellum,train,1,0,
Aetobatus_narinari,train,1,0,
Aetomylaeus_bovinus,train,1,0,
Afrotis_afra,train,1,0,
Agapornis_personatus,val,1,0,
Agapornis_roseicollis,train,1,0,
Agelaioides_badius,train,1,0,
Agelaius_phoeniceus,train,1,0,
Aglaoctenus_lagotis,train,1,0,
Ailuroedus_crassirostris,val,1,0,
Aix_galericulata,train,1,0,
Alaskozetes_antarcticus,val,1,0,
Alauda_arvensis,train,1,0,
Alburnoides_eichwaldii_Kaboudval,train,1,0,
Alburnoides_eichwaldii_ShirAbad,train,1,0,
Alburnoides_eichwaldii_Tajan,train,1,0,
Alburnoides_eichwaldii_ZarrinGol,val,1,0,
Alburnus_alburnus,test,1,0,
Alburnus_baliki,train,1,0,
Alca_torda,val,1,0,
Aldabrachelys_gigantea,train,1,0,
Alectoris_chukar,train,1,0,
Alectoris_graeca,train,1,0,
Alectoris_rufa,train,1,0,
Alectura_lathami,train,1,0,
Alepes_djedaba,test,1,0,
Alepes_kleinii,train,1,0,
Alestes_baremoze,train,1,0,
Alestes_dentex,test,1,0,
Alle_alle,train,1,0,
Alligator_sinensis,train,1,0,
Allocyttus_niger,train,1,0,
Allocyttus_verrucosus,train,1,0,
Allothunnus_fallai,train,1,0,
Alona_iheringula,train,1,0,
Alopias_pelagicus,test,1,0,
Alopias_vulpinus,train,1,0,
Alosa_pseudoharengus,val,1,0,
Alosa_sapidissima,train,1,0,
Amandava_subflava,train,1,0,
Amazona_aestiva,train,1,0,
Amazona_agilis,train,1,0,
Amazona_amazonica,train,1,0,
Amazona_finschi,train,1,0,
Ambiserrula_jugosa,train,1,0,
Amblema_plicata,train,1,0,
Amblygaster_sirm,val,1,0,
Amblygobius_bynoensis,train,1,0,
Amblygobius_phalaena,train,1,0,
Amblyopsis_rosae,train,1,0,
Amblyopsis_spelaea,train,1,0,
Amblyraja_georgiana,train,1,0,
Amblyraja_radiata,train,1,0,
Amblyramphus_holosericeus,train,1,0,
Ambystoma_maculatum,train,1,0,
Ambystoma_mexicanum,train,1,0,
Ameiurus_catus,train,1,0,
Amia_calva,train,1,0,
Ammocrypta_pellucida,test,1,0,
Ammodramus_savannarum,train,1,0,
Ammodytes_americanus,train,1,0,
Ammodytes_personatus,val,1,0,
Ammodytes_tobianus,train,1,0,
Ammomanes_deserti,train,1,0,
Ammospiza_caudacuta,train,1,0,
Ammospiza_leconteii,train,1,0,
Ammospiza_maritima,train,1,0,
Amphiprion_ocellaris,val,1,0,
Amphiuma_means,train,1,0,
Amphiura_filiformis,train,1,0,
Anabas_testudineus,train,1,0,
Anarhichas_denticulatus,train,1,0,
Anarhichas_minor,train,1,0,
Anas_acuta,test,1,0,
Anas_diazi,train,1,0,
Anas_platyrhynchos,train,1,0,
Anas_rubripes,train,1,0,
Anas_sparsa,test,1,0,
Anaxyrus_americanus,train,1,0,
Anchoa_hepsetus,train,1,0,
Anchoa_mitchilli,train,1,0,
Anchoa_panamensis,val,1,0,
Anchoviella_guianensis,train,1,0,
Andrias_davidianus,val,1,0,
Andrias_japonicus,train,1,0,
Aneides_aeneus,val,1,0,
Anodontostoma_chacunda,train,1,0,
Anolis_acutus,train,1,0,
Anolis_carolinensis,train,1,0,
Anolis_gundlachi,test,1,0,
Anolis_opalinus,train,1,0,
Anolis_sagrei,train,1,0,
Anoplopoma_fimbria,train,1,0,
Anous_cerulea,train,1,0,
Anous_minutus,train,1,0,
Anous_stolidus,val,1,0,
Anous_tenuirostris,train,1,0,
Anoxypristis_cuspidata,train,1,0,
Anser_anser,train,1,0,
Anser_caerulescens,train,1,0,
Anthobaphes_violacea,train,1,0,
Anthracoceros_malayanus,train,1,0,
Anthus_hellmayri,train,1,0,
Anthus_pratensis,train,1,0,
Anthus_rubescens,test,1,0,
Anthus_spinoletta,train,1,0,
Anthus_spragueii,train,1,0,
Antigone_antigone,train,1,0,
Antigone_canadensis,test,1,0,
Antigone_rubicunda,train,1,0,
Antigone_vipio,train,1,0,
Antrostomus_vociferus,test,1,0,
Anyperodon_leucogrammicus,train,1,0,
Apalone_spinifera,train,1,0,
Apeltes_quadracus,test,1,0,
Aphanius_fasciatus,val,1,0,
Aphanius_iberus,train,1,0,
Aphanopus_carbo,train,1,0,
Aphanopus_intermedius,train,1,0,
Aphelocoma_coerulescens,train,1,0,
Aphia_minuta,train,1,0,
Aphrastura_spinicauda,train,1,0,
Aplodontia_rufa,val,1,0,
Apodemus_sylvaticus,train,1,0,
Aptenodytes_forsteri,train,1,0,
Apteryx_mantelli,val,1,0,
Apus_affinis,train,1,0,
Apus_apus,train,1,0,
Apus_pallidus,train,1,0,
Aquila_chrysaetos,val,1,0,
Aquila_rapax,train,1,0,
Aquila_spilogaster,train,1,0,
Aquila_verreauxii,train,1,0,
Ara_ararauna,train,1,0,
Ara_glaucogularis,train,1,0,
Ara_macao,train,1,0,
Arapaima_gigas,train,1,0,
Archboldia_papuensis,train,1,0,
Archilochus_alexandri,test,1,0,
Archosargus_probatocephalus,train,1,0,
Arcitalitrus_dorrieni,train,1,0,
Arctogadus_glacialis,train,1,0,
Ardea_alba,train,1,0,
Ardea_cinerea,train,1,0,
Ardea_herodias,val,1,0,
Ardea_purpurea,train,1,0,
Ardenna_carneipes,train,1,0,
Ardenna_gravis,val,1,0,
Ardenna_grisea,test,1,0,
Ardenna_pacifica,test,1,0,
Ardenna_tenuirostris,val,1,0,
Ardeola_idae,test,1,0,
Ardeotis_kori,test,1,0,
Arenaria_interpres,train,1,0,
Arenaria_melanocephala,train,1,0,
Argopecten_purpuratus,train,1,0,
Argulus_coregoni,train,1,0,
Argya_squamiceps,val,1,0,
Argyrosomus_japonicus,train,1,0,
Ariomma_indica,val,1,0,
Arion_subfuscus,test,1,0,
Arremon_castaneiceps,train,1,0,
Arripis_georgianus,train,1,0,
Artemisiospiza_belli,test,1,0,
Artemisiospiza_nevadensis,val,1,0,
Ascidiella_aspersa,val,1,0,
Asellus_aquaticus,train,1,0,
Asio_flammeus,train,1,0,
Asio_otus,train,1,0,
Aspidophoroides_monopterygius,train,1,0,
Astacus_astacus,train,1,0,
Asterropteryx_semipunctata,train,1,0,
Astrapia_mayeri,val,1,0,
Astrochelys_yniphora,train,1,0,
Astyanax_bimaculatus,test,1,0,
Astyanax_eigenmanniorum,train,1,0,
Astyanax_mexicanus,train,1,0,
Athene_brama,train,1,0,
Athene_noctua,train,1,0,
Atheresthes_evermanni,train,1,0,
Atherina_presbyter,train,1,0,
Atherinella_brasiliensis,train,1,0,
Atlantoraja_castelnaui,train,1,0,
Atlapetes_latinuchus,train,1,0,
Atlapetes_melanolaemus,train,1,0,
Atlapetes_semirufus,train,1,0,
Atrobucca_nibe,train,1,0,
Atropus_atropos,train,1,0,
Atule_mate,test,1,0,
Auchenoglanis_occidentalis,val,1,0,
Aulacorhynchus_prasinus,train,1,0,
Auxis_rochei,train,1,0,
Auxis_thazard,test,1,0,
Aythya_affinis,train,1,0,
Aythya_americana,train,1,0,
Aythya_fuligula,train,1,0,
Aythya_valisineria,train,1,0,
Bagrus_bajad,train,1,0,
Baikaiobia_guttata,train,1,0,
Balaena_mysticetus,train,1,0,
Balaeniceps_rex,val,1,0,
Balaenoptera_acutorostrata,train,1,0,
Balaenoptera_borealis,train,1,0,
Balaenoptera_edeni,train,1,0,
Balaenoptera_musculus,train,1,0,
Balaenoptera_physalus,train,1,0,
Barbronia_weberi,val,1,0,
Bartramia_longicauda,val,1,0,
Basileuterus_tristriatus,train,1,0,
Basiliscus_basiliscus,val,1,0,
Batagur_affinis,test,1,0,
Bathyraja_abyssicola,train,1,0,
Bathyraja_albomaculata,train,1,0,
Bathyraja_aleutica,train,1,0,
Bathyraja_brachyurops,train,1,0,
Bathyraja_griseocauda,train,1,0,
Bathyraja_lindbergi,train,1,0,
Bathyraja_macloviana,test,1,0,
Bathyraja_maculata,train,1,0,
Bathyraja_magellanica,train,1,0,
Bathyraja_minispinosa,val,1,0,
Bathyraja_parmifera,test,1,0,
Bathyraja_taranetzi,test,1,0,
Bellator_gymnostethus,train,1,0,
Belone_euxini,val,1,0,
Berardius_bairdii,train,1,0,
Beringraja_pulchra,train,1,0,
Beringraja_stellulata,val,1,0,
Bimastos_rubidus,val,1,0,
Biomphalaria_glabrata,train,1,0,
Birgus_latro,train,1,0,
Blepsias_cirrhosus,train,1,0,
Blicca_bjoerkna,train,1,0,
Boa_constrictor,val,1,0,
Boaedon_fuliginosus,train,1,0,
Bolborhynchus_lineola,train,1,0,
Boleophthalmus_pectinirostris,train,1,0,
Bolitoglossa_mexicana,train,1,0,
Bolitoglossa_subpalmata,train,1,0,
Boltenia_echinata,train,1,0,
Bombina_bombina,train,1,0,
Bombina_maxima,train,1,0,
Bombina_orientalis,val,1,0,
Bombina_variegata,test,1,0,
Bombycilla_cedrorum,train,1,0,
Bonasa_umbellus,val,1,0,
Boops_boops,val,1,0,
Bos_primigenius_Angus,train,1,0,
Bos_primigenius_Brahman,train,1,0,
Bos_primigenius_Holstein,train,1,0,
Bosminopsis_deitersi,train,1,0,
Brachidontes_pharaonis,train,1,0,
Brachionus_plicatilis,train,1,0,
Brachymystax_lenok,val,1,0,
Brachyramphus_brevirostris,train,1,0,
Brachyramphus_marmoratus,train,1,0,
Branchinecta_lindahli,test,1,0,
Branchinella_thailandensis,val,1,0,
Branchiostoma_floridae,test,1,0,
Branchipus_schaefferi,train,1,0,
Branchiura_sowerbyi,train,1,0,
Branchotenthes_octohamatus,val,1,0,
Branta_bernicla,test,1,0,
Branta_canadensis,test,1,0,
Branta_hutchinsii,train,1,0,
Branta_leucopsis,train,0,5,
Branta_sandvicensis,train,1,0,
Brevoortia_patronus,train,1,0,
Brevoortia_tyrannus,val,1,0,
Brycinus_leuciscus,test,1,0,
Brycinus_macrolepidotus,train,1,0,
Brycinus_nurse,train,1,0,
Brycinus_sadleri,train,1,0,
Brycon_amazonicus,train,1,0,
Brycon_melanopterus,train,1,0,
Brycon_moorei,test,1,0,
Brycon_opalinus,val,1,0,
Bubo_bengalensis,train,1,0,
Bubo_scandiacus,train,1,0,
Bubo_virginianus,train,1,0,
Bubulcus_ibis,train,1,0,
Bucephala_albeola,train,1,0,
Bucephala_clangula,train,1,0,
Buceros_bicornis,train,1,0,
Bucorvus_abyssinicus,test,1,0,
Bucorvus_leadbeateri,train,1,0,
Bufo_bufo,train,1,0,
Bufo_japonicus,train,1,0,
Bulweria_bulwerii,test,1,0,
Buphagus_erythrorhynchus,val,1,0,
Burhinus_capensis,train,1,0,
Burhinus_grallarius,train,1,0,
Burhinus_oedicnemus,train,1,0,
Butastur_rufipennis,train,1,0,
Buteo_jamaicensis,train,1,0,
Buteo_lagopus,val,1,0,
Buteo_lineatus,val,1,0,
Buteo_oreophilus,train,1,0,
Buteo_platypterus,train,1,0,
Buteo_rufofuscus,train,1,0,
Buteo_swainsoni,val,1,0,
Butorides_virescens,train,1,0,
Cacatua_moluccensis,train,1,0,
Cacatua_ophthalmica,train,1,0,
Cacatua_tenuirostris,train,1,0,
Cacomantis_merulinus,val,1,0,
Caenorhabditis_elegans,train,1,0,
Caiman_crocodilus,test,1,0,
Caiman_latirostris,train,1,0,
Calamospiza_melanocorys,train,1,0,
Calandrella_cinerea,train,1,0,
Calcarius_lapponicus,train,1,0,
Calcarius_ornatus,val,1,0,
Calcarius_pictus,test,1,0,
Calendulauda_barlowi,train,1,0,
Calendulauda_erythrochlamys,train,1,0,
Calidris_alpina,train,1,0,
Calidris_bairdii,train,1,0,
Calidris_ferruginea,train,1,0,
Calidris_fuscicollis,train,1,0,
Calidris_himantopus,test,1,0,
Calidris_maritima,train,1,0,
Calidris_mauri,train,1,0,
Calidris_melanotos,test,1,0,
Calidris_minuta,train,1,0,
Calidris_minutilla,train,1,0,
Calidris_pusilla,train,1,0,
Callipepla_californica,test,1,0,
Callipepla_squamata,test,1,0,
Callisaurus_draconoides,train,1,0,
Callista_chione,val,1,0,
Callorhinchus_capensis,train,1,0,
Callorhinchus_milii,train,1,0,
Callorhinus_ursinus,val,1,0,
Caloenas_nicobarica,train,1,0,
Calonectris_borealis,train,1,0,
Calonectris_leucomelas,train,1,0,
Calotes_versicolor,train,1,0,
Calotriton_asper,val,1,0,
Calyptorhynchus_banksii,train,1,0,
Calyptorhynchus_lathami,test,1,0,
Campephilus_magellanicus,train,1,0,
Campylopterus_hemileucurus,train,1,0,
Campylorhynchus_brunneicapillus,train,1,0,
Cancer_pagurus,val,1,0,
Caperea_marginata,train,1,0,
Caprimulgus_europaeus,train,1,0,
Caprimulgus_pectoralis,val,1,0,
Caranx_crysos,train,1,0,
Caranx_hippos,train,1,0,
Caranx_ignobilis,test,1,0,
Caranx_lugubris,train,1,0,
Caranx_melampygus,train,1,0,
Caranx_senegallus,train,1,0,
Caranx_tille,train,1,0,
Carassius_auratus,val,1,0,
Carcharhinus_coatesi,train,1,0,
Carcharhinus_leucas,train,1,0,
Carcharias_taurus,val,1,0,
Carcharodon_carcharias,train,1,0,
Cardinalis_cardinalis,train,1,0,
Carduelis_carduelis,train,1,0,
Careproctus_reinhardti,train,1,0,
Caretta_caretta,train,1,0,
Cariama_cristata,train,1,0,
Carinascincus_ocellatus,train,1,0,
Casuarius_bennetti,train,1,0,
Casuarius_casuarius,train,1,0,
Cathartes_aura,test,1,0,
Catharus_bicknelli,train,1,0,
Catharus_dryas,val,1,0,
Catharus_minimus,train,1,0,
Catharus_ustulatus,val,1,0,
Catherpes_mexicanus,train,1,0,
Cecropis_semirufa,train,1,0,
Centrocercus_urophasianus,test,1,0,
Centronyx_henslowii,train,1,0,
Centropomus_parallelus,train,1,0,
Centropristis_striata,train,1,0,
Centropus_senegalensis,train,1,0,
Centropus_sinensis,train,1,0,
Centropus_toulou,train,1,0,
Centropyge_bicolor,train,1,0,
Centropyge_loriculus,test,1,0,
Centroscymnus_coelolepis,train,1,0,
Centroscymnus_crepidater,train,1,0,
Centroscymnus_owstonii,train,1,0,
Centroscymnus_plunketi,train,1,0,
Cephalopholis_argus,val,1,0,
Cephalopholis_cruentata,train,1,0,
Cephalopholis_fulva,train,1,0,
Cephalopholis_microprion,test,1,0,
Cephalopholis_miniata,train,1,0,
Cephaloscyllium_isabellum,train,1,0,
Cepphus_columba,val,1,0,
Cepphus_grylle,train,1,0,
Cerastoderma_edule,val,1,0,
Ceratophrys_stolzmanni,train,1,0,
Cercomacroides_serva,train,1,0,
Cereopsis_novaehollandiae,train,1,0,
Ceriodaphnia_pulchella,val,1,0,
Cerorhinca_monocerata,train,1,0,
Certhia_familiaris,test,1,0,
Certhilauda_chuana,train,1,0,
Cervus_canadensis,train,1,0,
Cetengraulis_edentulus,train,1,0,
Cetengraulis_mysticetus,train,1,0,
Cetorhinus_maximus,test,1,0,
Chaenocephalus_aceratus,train,1,0,
Chaenodraco_wilsoni,train,1,0,
Chaetura_brachyura,train,1,0,
Chaetura_pelagica,train,1,0,
Chaetura_vauxi,val,1,0,
Chalcites_basalis,train,1,0,
Chalcites_lucidus,test,1,0,
Chamaea_fasciata,train,1,0,
Chamelea_gallina,test,1,0,
Champsocephalus_gunnari,train,1,0,
Channa_argus,train,1,0,
Channa_punctata,train,1,0,
Chanos_chanos,test,1,0,
Charadrius_hiaticula,train,1,0,
Charadrius_melodus,train,1,0,
Charadrius_montanus,train,1,0,
Charadrius_morinellus,train,1,0,
Charadrius_nivosus,train,1,0,
Charadrius_pecuarius,train,1,0,
Charadrius_semipalmatus,train,1,0,
Charadrius_vociferus,train,1,0,
Chasiempis_sandwichensis,test,1,0,
Chasmistes_brevirostris,train,1,0,
Chasmistes_cujus,train,1,0,
Chasmistes_liorus,train,1,0,
Cheilopogon_cyanopterus,train,1,0,
Chelictinia_riocourii,train,1,0,
Chelodina_oblonga,train,1,0,
Chelus_fimbriata,train,1,0,
Chioglossa_lusitanica,train,1,0,
Chioninia_coctei,train,1,0,
Chionis_albus,train,1,0,
Chionis_minor,train,1,0,
Chionobathyscus_dewitti,train,1,0,
Chionodraco_hamatus,train,1,0,
Chionodraco_myersi,train,1,0,
Chionodraco_rastrospinosus,train,1,0,
Chionomesa_fimbriata,train,1,0,
Chirocentrus_dorab,train,1,0,
Chirocentrus_nudus,train,1,0,
Chiromantis_petersii,train,1,0,
Chiromantis_rufescens,train,1,0,
Chironex_fleckeri,train,1,0,
Chiroxiphia_boliviana,train,1,0,
Chiroxiphia_lanceolata,train,1,0,
Chlamydera_nuchalis,test,1,0,
Chlamydochaera_jefferyi,train,1,0,
Chlamydoselachus_anguineus,train,1,0,
Chlamydotis_undulata,train,1,0,
Chlidonias_hybrida,train,1,0,
Chlidonias_leucopterus,train,1,0,
Chlidonias_niger,train,1,0,
Chloephaga_picta,train,1,0,
Chlorochrysa_calliparaea,train,1,0,
Chlorochrysa_nitidissima,test,1,0,
Chlorodrepanis_flava,test,1,0,
Chlorodrepanis_virens,train,1,0,
Chloroscombrus_chrysurus,train,1,0,
Chlorospingus_flavigularis,train,1,0,
Chlorothraupis_carmioli,train,1,0,
Chologaster_cornuta,train,1,0,
Chondestes_grammacus,test,1,0,
Chordeiles_minor,test,1,0,
Chorismus_antarcticus,test,1,0,
Chriodorus_atherinoides,train,1,0,
Chroicocephalus_ridibundus,val,1,0,
Chromis_ternatensis,train,1,0,
Chromis_verater,train,1,0,
Chrosomus_neogaeus,train,1,0,
Chrysichthys_auratus,test,1,0,
Chrysichthys_nigrodigitatus,train,1,0,
Chrysichthys_walkeri,train,1,0,
Chrysiptera_biocellata,train,1,0,
Chydorus_pubescens,train,1,0,
Cichla_intermedia,train,1,0,
Cichla_monoculus,train,1,0,
Cichla_orinocensis,test,1,0,
Cichla_temensis,test,1,0,
Ciconia_abdimii,train,1,0,
Ciconia_ciconia,train,1,0,
Ciconia_maguari,train,1,0,
Ciconia_stormi,val,1,0,
Cinclus_cinclus,val,1,0,
Cinclus_leucocephalus,train,1,0,
Cinnyris_jugularis,test,1,0,
Cinnyris_osea,test,1,0,
Cinnyris_talatala,val,1,0,
Circaetus_cinereus,test,1,0,
Circaetus_pectoralis,test,1,0,
Circus_aeruginosus,train,1,0,
Circus_cyaneus,train,1,0,
Cirrhinus_cirrhosus,train,1,0,
Cisticola_aridulus,test,1,0,
Cistothorus_palustris,test,1,0,
Citharinus_citharus,val,1,0,
Clamator_glandarius,train,1,0,
Clamator_jacobinus,train,1,0,
Clangula_hyemalis,train,1,0,
Clarias_agboyiensis,val,1,0,
Clarias_anguillaris,train,1,0,
Clarias_batrachus,train,1,0,
Claudius_angustatus,train,1,0,
Cleisthenes_pinetorum,train,1,0,
Clemmys_guttata,train,1,0,
Clione_limacina,test,1,0,
Clupea_bentincki,train,1,0,
Clupea_harengus,test,1,0,
Clupea_pallasii,train,1,0,
Clypeaster_subdepressus,train,1,0,
Cnidoglanis_macrocephalus,test,1,0,
Coccyzus_americanus,train,1,0,
Coccyzus_erythropthalmus,train,1,0,
Cochlearius_cochlearius,train,1,0,
Coeligena_torquata,train,1,0,
Coenocorypha_aucklandica,train,1,0,
Coenocorypha_huegeli,val,1,0,
Coenocorypha_pusilla,train,1,0,
Coilia_brachygnathus,val,1,0,
Coilia_dussumieri,train,1,0,
Coilia_mystus,train,1,0,
Coilia_nasus,test,1,0,
Coilia_ramcarati,train,1,0,
Coleonyx_variegatus,train,1,0,
Collocalia_esculenta,train,1,0,
Cololabis_saira,train,1,0,
Coluber_constrictor,train,1,0,
Columba_livia,train,1,0,
Columba_oenas,train,1,0,
Columba_palumbus,train,1,0,
Columbina_talpacoti,train,1,0,
Congresox_talabonoides,train,1,0,
Copsychus_malabaricus,train,1,0,
Coptodon_guineensis,train,1,0,
Coptodon_rendalli,train,1,0,
Coracias_benghalensis,val,1,0,
Coracias_cyanogaster,train,1,0,
Coracias_naevius,train,1,0,
Coracopsis_barklyi,train,1,0,
Coragyps_atratus,train,1,0,
Corbula_gibba,train,1,0,
Coregonus_kiyi,train,1,0,
Coregonus_muksun,train,1,0,
Coreobagrus_ichikawai,train,1,0,
Coronatella_rectangula,train,1,0,
Corophium_volutator,val,1,0,
Corvus_albus,train,1,0,
Corvus_brachyrhynchos,train,1,0,
Corvus_caurinus,train,1,0,
Corvus_corax,val,1,0,
Corvus_corone,train,1,0,
Corvus_hawaiiensis,val,1,0,
Corvus_monedula,train,1,0,
Corvus_splendens,train,1,0,
Corydoras_aeneus,train,1,0,
Coryphaena_hippurus,train,1,0,
Coturnix_coturnix,train,1,0,
Coturnix_japonica,train,1,0,
Crassostrea_corteziensis,train,1,0,
Crassostrea_virginica,train,1,0,
Crax_blumenbachii,train,1,0,
Creagrus_furcatus,train,1,0,
Crenichthys_baileyi,train,1,0,
Crex_crex,train,1,0,
Crinia_georgiana,train,1,0,
Crocodylus_acutus,val,1,0,
Crocodylus_johnsoni,train,1,0,
Crocodylus_mindorensis,train,1,0,
Crocodylus_moreletii,test,1,0,
Crocodylus_niloticus,train,1,0,
Crocodylus_palustris,train,1,0,
Crocodylus_porosus,train,1,0,
Crocodylus_rhombifer,val,1,0,
Crocodylus_siamensis,train,1,0,
Crotalus_horridus,train,1,0,
Crotalus_lepidus,train,1,0,
Crotalus_oreganus,val,1,0,
Crotalus_pricei,train,1,0,
Cryodraco_antarcticus,train,1,0,
Cryptobranchus_alleganiensis,train,1,0,
Crystallogobius_linearis,test,1,0,
Ctenophorus_adelaidensis,train,1,0,
Ctenophorus_ornatus,train,1,0,
Ctenotus_pantherinus,test,1,0,
Cuculus_canorus,val,1,0,
Culaea_inconstans,train,1,0,
Cuora_flavomarginata,train,1,0,
Curimata_knerii,train,1,0,
Cuthona_nana,train,1,0,
Cyanistes_caeruleus,val,1,0,
Cyanocorax_beecheii,test,1,0,
Cyanoliseus_patagonus,test,1,0,
Cyanopica_cyanus,train,1,0,
Cyanopsitta_spixii,val,1,0,
Cyanoramphus_novaezelandiae,train,1,0,
Cyclonaias_asperata,train,1,0,
Cyclopsetta_chittendeni,train,1,0,
Cyclopsetta_querna,train,1,0,
Cyclopterus_lumpus,train,1,0,
Cygnus_cygnus,train,1,0,
Cygnus_olor,train,1,0,
Cynoglossus_canariensis,test,1,0,
Cynoglossus_joyneri,train,1,0,
Cynoglossus_puncticeps,train,1,0,
Cynoglossus_semifasciatus,train,1,0,
Cynoglossus_senegalensis,train,1,0,
Cynoglossus_zanzibarensis,train,1,0,
Cynops_pyrrhogaster,train,1,0,
Cynoscion_leiarchus,val,1,0,
Cynoscion_regalis,train,1,0,
Cyphomyrus_discorhynchus,test,1,0,
Cyprideis_torosa,train,1,0,
Cyprinodon_bovinus,val,1,0,
Cyprinodon_elegans,train,1,0,
Cyprinodon_macularius,train,1,0,
Cypseloides_cherriei,train,1,0,
Cypseloides_cryptus,train,1,0,
Cypseloides_fumigatus,train,1,0,
Cypseloides_niger,val,1,0,
Cypsiurus_balasiensis,train,1,0,
Cypsnagra_hirundinacea,train,1,0,
Cyrtonyx_montezumae,val,1,0,
Dalatias_licha,val,1,0,
Danio_rerio,test,1,0,
Daphnia_cephalata,test,1,0,
Daphnia_cucullata,train,1,0,
Daphnia_longispina,train,1,0,
Daphnia_obtusa,test,1,0,
Daphnia_projecta,train,1,0,
Daphnia_pulex,train,1,0,
Daphnia_similus,train,1,0,
Daption_capense,val,1,0,
Dascyllus_albisella,train,1,0,
Dascyllus_aruanus,train,1,0,
Dascyllus_reticulatus,train,1,0,
Dasyatis_chrysonota,train,1,0,
Deania_calceus,train,1,0,
Decapterus_kurroides,train,1,0,
Decapterus_macarellus,train,1,0,
Decapterus_macrosoma,train,1,0,
Decapterus_maruadsi,test,1,0,
Decapterus_punctatus,test,1,0,
Decapterus_russelli,val,1,0,
Decapterus_tabl,train,1,0,
Deirochelys_reticularia,train,1,0,
Delichon_urbicum,train,1,0,
Delphinus_delphis,train,1,0,
Deltentosteus_quadrimaculatus,test,1,0,
Dendragapus_obscurus,train,1,0,
Dendrobaena_octaedra,train,1,0,
Dendrochirus_brachypterus,val,1,0,
Dendrocolaptes_platyrostris,train,1,0,
Dendrocygna_autumnalis,train,1,0,
Dendrocygna_bicolor,train,1,0,
Dendroplex_picus,test,1,0,
Dentex_congoensis,train,1,0,
Dentiraja_australis,test,1,0,
Dentiraja_polyommata,test,1,0,
Dermatemys_mawii,test,1,0,
Dermochelys_coriacea,val,1,0,
Desmognathus_brimleyorum,train,1,0,
Desmognathus_fuscus,train,1,0,
Desmognathus_ochrophaeus,val,1,0,
Deveximentum_ruconius,train,1,0,
Diaphanosoma_excisum,train,1,0,
Diaphanosoma_sarsi,val,1,0,
Dicamptodon_tenebrosus,train,1,0,
Dicologlossa_cuneata,train,1,0,
Dilatata_dilatata,val,1,0,
Dinarolacerta_mosorensis,train,1,0,
Diomedea_epomophora,test,1,0,
Diomedea_exulans,val,1,0,
Diplectrum_formosum,train,1,0,
Diplectrum_macropoma,train,1,0,
Diplectrum_pacificum,train,1,0,
Diplodus_annularis,train,1,0,
Diplodus_cervinus,train,1,0,
Diplodus_sargus,train,1,0,
Diplodus_vulgaris,train,1,0,
Dipodomys_stephensi,train,1,0,
Dipsosaurus_dorsalis,train,1,0,
Dipturus_batis,test,1,0,
Dipturus_innominatus,train,1,0,
Dipturus_kwangtungensis,train,1,0,
Dipturus_laevis,train,1,0,
Dipturus_pullopunctatus,train,1,0,
Dissostichus_eleginoides,test,1,0,
Dissostichus_mawsoni,test,1,0,
Diuca_diuca,train,1,0,
Dolichonyx_oryzivorus,train,1,0,
Dolloidraco_longedorsalis,test,1,0,
Donacobius_atricapilla,train,1,0,
Donax_trunculus,test,1,0,
Doricha_eliza,train,1,0,
Dorosoma_cepedianum,train,1,0,
Dosinia_exoleta,test,1,0,
Dromaius_novaehollandiae,train,1,0,
Dromas_ardeola,train,1,0,
Dromococcyx_pavoninus,train,1,0,
Dryobates_pubescens,train,1,0,
Dryocopus_martius,test,1,0,
Dryocopus_pileatus,train,1,0,
Dugong_dugon,train,1,0,
Dussumieria_acuta,train,1,0,
Dussumieria_hasseltii,train,1,0,
Dyscophus_antongilii,test,1,0,
Echinotriton_andersoni,train,1,0,
Eclectus_roratus,train,1,0,
Egernia_cunninghami,train,1,0,
Egernia_striolata,train,1,0,
Egretta_caerulea,train,1,0,
Egretta_gularis,test,1,0,
Egretta_thula,train,1,0,
Egretta_tricolor,train,1,0,
Eisenia_andrei,train,1,0,
Eisenia_fetida,test,1,0,
Elagatis_bipinnulata,train,1,0,
Elanus_caeruleus,train,1,0,
Elassoma_zonatum,train,1,0,
Eleothreptus_candicans,train,1,0,
Eleutherodactylus_coqui,train,1,0,
Elliptio_arca,train,1,0,
Elliptio_complanata,val,1,0,
Elseya_albagula,train,1,0,
Elseya_dentata,train,1,0,
Elusor_macrurus,val,1,0,
Emberiza_calandra,train,1,0,
Emberiza_citrinella,train,1,0,
Emberizoides_ypiranganus,val,1,0,
Emmelichthys_nitidus,train,1,0,
Empidonax_difficilis,train,1,0,
Empidonax_oberholseri,train,1,0,
Empidonax_traillii,val,1,0,
Empidonax_virescens,test,1,0,
Emydocephalus_ijimae,val,1,0,
Emydura_macquarii,test,1,0,
Emys_orbicularis,train,1,0,
Encrasicholina_devisi,train,1,0,
Encrasicholina_heteroloba,val,1,0,
Encrasicholina_punctifer,val,1,0,
Encrasicholina_purpurea,train,1,0,
Engraulicypris_sardella,train,1,0,
Engraulis_anchoita,train,1,0,
Engraulis_australis,train,1,0,
Engraulis_capensis,val,1,0,
Engraulis_encrasicolus,val,1,0,
Engraulis_japonicus,train,1,0,
Engraulis_mordax,train,1,0,
Engraulis_ringens,val,1,0,
Enicognathus_ferrugineus,train,1,0,
Ensatina_eschscholtzii,train,1,0,
Enteromius_liberiensis,train,1,0,
Entosphenus_tridentatus,test,1,0,
Eolophus_roseicapilla,train,1,0,
Eopsaltria_georgiana,train,1,0,
Eopsetta_jordani,train,1,0,
Eos_histrio,train,1,0,
Epidalea_calamita,train,1,0,
Epinephelus_coioides,train,1,0,
Epinephelus_cyanopodus,test,1,0,
Epinephelus_drummondhayi,test,1,0,
Epinephelus_fuscoguttatus,train,1,0,
Epinephelus_howlandi,train,1,0,
Epinephelus_itajara,train,1,0,
Epinephelus_labriformis,train,1,0,
Epinephelus_maculatus,train,1,0,
Epinephelus_malabaricus,val,1,0,
Epinephelus_polyphekadion,train,1,0,
Epinephelus_quoyanus,train,1,0,
Equulites_elongatus,train,1,0,
Equulites_leuciscus,train,1,0,
Equulites_lineolatus,train,1,0,
Eremias_argus,test,1,0,
Eremophila_alpestris,train,1,0,
Eremophilus_mutisii,train,1,0,
Eretmochelys_imbricata,train,1,0,
Erignathus_barbatus,test,1,0,
Erilepis_zonifer,test,1,0,
Erithacus_rubecula,train,1,0,
Erpetoichthys_calabaricus,train,1,0,
Escualosa_thoracata,train,1,0,
Esox_lucius,val,1,0,
Esox_masquinongy,train,1,0,
Esox_niger,train,1,0,
Etheostoma_perlongum,train,1,0,
Etheostoma_pyrrhogaster,train,1,0,
Etheostoma_tetrazonum,val,1,0,
Etheostoma_trisella,train,1,0,
Etheostoma_zonistium,test,1,0,
Etmopterus_baxteri,train,1,0,
Etropus_crossotus,val,1,0,
Eubleekeria_splendens,train,1,0,
Eucinostomus_argenteus,val,1,0,
Eucinostomus_gula,test,0,1,
Eudocimus_albus,train,1,0,
Eudocimus_ruber,train,1,0,
Eudyptes_chrysocome,val,1,0,
Eudyptes_chrysolophus,train,1,0,
Eudyptes_pachyrhynchus,train,1,0,
Eudyptula_minor,train,1,0,
Eulamprus_quoyii,train,1,0,
Eulimnadia_texana,train,1,0,
Eunectes_murinus,val,1,0,
Eunectes_notaeus,train,1,0,
Eunymphicus_cornutus,train,1,0,
Euphagus_cyanocephalus,train,1,0,
Euproctus_platycephalus,train,1,0,
Euprymna_hyllebergi,train,1,0,
Euptilotis_neoxenus,train,1,0,
Euryalona_orientalis,train,1,0,
Eurycea_longicauda,train,1,0,
Eurycea_lucifuga,val,1,0,
Eurycea_quadridigitata,train,1,0,
Eurycea_tonkawae,train,1,0,
Euryceros_prevostii,train,1,0,
Eurystomus_orientalis,train,1,0,
Euthynnus_affinis,train,1,0,
Euthynnus_alletteratus,train,1,0,
Eutrigla_gurnardus,test,1,0,
Evynnis_ehrenbergii,train,1,0,
Evynnis_tumifrons,train,1,0,
Excirolana_armata,train,1,0,
Falcipennis_canadensis,val,1,0,
Falco_berigora,train,1,0,
Falco_biarmicus,val,1,0,
Falco_chicquera,train,1,0,
Falco_columbarius,train,1,0,
Falco_mexicanus,train,1,0,
Falco_naumanni,test,1,0,
Falco_peregrinus,train,1,0,
Falco_sparverius,train,1,0,
Falco_tinnunculus,train,1,0,
Faustina_faustina,train,1,0,
Fenneropenaeus_chinensis,train,1,0,
Feresa_attenuata,train,1,0,
Ficedula_hypoleuca,train,1,0,
Flavocaranx_bajad,train,1,0,
Forbesichthys_agassizii,train,1,0,
Forpus_passerinus,train,1,0,
Foudia_rubra,train,1,0,
Francolinus_francolinus,train,1,0,
Fratercula_arctica,train,1,0,
Fratercula_cirrhata,val,1,0,
Frederickena_unduliger,train,1,0,
Fregata_aquila,test,1,0,
Fregata_ariel,train,1,0,
Fregata_magnificens,val,1,0,
Fregata_minor,train,1,0,
Fregetta_tropica,train,1,0,
Fulica_americana,train,1,0,
Fulmarus_glacialis,train,1,0,
Fulmarus_glacialoides,val,1,0,
Fundulus_heteroclitus,train,1,0,
Fundulus_julisia,val,1,0,
Fundulus_luciae,train,1,0,
Furcifer_labordi,val,1,0,
Furcifer_pardalis,train,1,0,
Furgaleus_macki,val,1,0,
Fusconaia_cuneolus,train,1,0,
Gadus_chalcogrammus,test,1,0,
Gadus_macrocephalus,train,1,0,
Galatea_paradoxa,train,1,0,
Galeocerdo_cuvier,train,1,0,
Galeopterus_variegatus,train,1,0,
Galeorhinus_galeus,train,1,0,
Galerida_cristata,val,1,0,
Galeus_melastomus,val,1,0,
Gallinago_delicata,test,1,0,
Gallinago_gallinago,val,1,0,
Gallinula_chloropus,train,1,0,
Gallinula_melanops,train,1,0,
Gallotia_atlantica,test,1,0,
Gallotia_bravoana,val,1,0,
Gallotia_caesaris,val,1,0,
Gallotia_galloti,test,1,0,
Gallotia_intermedia,train,1,0,
Gallotia_simonyi,train,1,0,
Gallotia_stehlini,train,1,0,
Gallus_gallus,train,1,0,
Gallus_gallus_IR,test,1,0,
Gallus_gallus_WL,train,1,0,
Gambelia_sila,test,1,0,
Gambusia_affinis,train,1,0,
Gambusia_holbrooki,train,1,0,
Gambusia_punctata,train,1,0,
Gambusia_puncticulata,train,1,0,
Gammarus_fossarum,val,1,0,
Gammarus_minus,train,1,0,
Gammarus_pseudolimnaeus,train,1,0,
Gammarus_pulex,val,1,0,
Gammarus_roeselii,train,1,0,
Garrulax_strepitans,val,1,0,
Garrulus_glandarius,train,1,0,
Gasterosteus_aculeatus,train,1,0,
Gavia_immer,val,1,0,
Gavia_stellata,val,1,0,
Gavialis_gangeticus,train,1,0,
Gazza_minuta,test,1,0,
Gelochelidon_nilotica,train,1,0,
Geococcyx_californianus,train,1,0,
Geokichla_gurneyi,test,1,0,
Geospiza_conirostris,train,1,0,
Geospiza_fortis,train,1,0,
Geospiza_scandens,train,1,0,
Geothlypis_formosa,train,1,0,
Geothlypis_trichas,train,1,0,
Gerlachea_australis,train,1,0,
Geronticus_calvus,train,1,0,
Geronticus_eremita,train,1,0,
Gerrhosaurus_validus,train,1,0,
Gerygone_flavolateralis,train,1,0,
Gerygone_igata,train,1,0,
Gila_intermedia,test,1,0,
Girardinus_creolus,train,1,0,
Girardinus_denticulatus,val,1,0,
Girardinus_falcatus,val,1,0,
Girardinus_metallicus,test,1,0,
Girardinus_microdactylus,train,1,0,
Girardinus_uninotatus,test,1,0,
Glaniopsis_hanitschi,val,1,0,
Glaucidium_brasilianum,train,1,0,
Glaucostegus_cemiculus,train,1,0,
Globicephala_macrorhynchus,train,1,0,
Globicephala_melas,train,1,0,
Glossogobius_giuris,train,1,0,
Gloydius_blomhoffii,train,1,0,
Glyptemys_insculpta,train,1,0,
Glyptemys_muhlenbergii,val,1,0,
Glyptocephalus_kitaharae,train,1,0,
Glyptocephalus_stelleri,val,1,0,
Gnathanodon_speciosus,train,1,0,
Gobio_gobio,test,1,0,
Gobionellus_microdon,train,1,0,
Gobionotothen_gibberifrons,train,1,0,
Gobiosoma_bosc,val,1,0,
Gobius_ophiocephalus,test,1,0,
Gobius_vittatus,val,1,0,
Goniurosaurus_kuroiwae,val,1,0,
Gopherus_agassizii,test,1,0,
Gopherus_morafkai,train,1,0,
Gopherus_polyphemus,val,1,0,
Grallaricula_ferrugineipectus,val,1,0,
Grampus_griseus,train,1,0,
Graptemys_ouachitensis,train,1,0,
Graptemys_pseudogeographica,train,1,0,
Grus_americana,train,1,0,
Grus_japonensis,train,1,0,
Grus_monacha,test,1,0,
Grus_virgo,train,1,0,
Gygis_alba,val,1,0,
Gymnarchus_niloticus,train,1,0,
Gymnocephalus_cernuus,test,1,0,
Gymnocharacinus_bergii,test,1,0,
Gymnorhinus_cyanocephalus,test,1,0,
Gymnosarda_unicolor,train,1,0,
Gymnotus_carapo,val,1,0,
Gypaetus_barbatus,train,1,0,
Gyps_africanus,train,1,0,
Gyps_coprotheres,test,1,0,
Gyps_rueppellii,val,1,0,
Gyrinophilus_gulolineatus,train,1,0,
Gyrinophilus_palleucus,train,1,0,
Haematopus_bachmani,train,1,0,
Haematopus_moquini,train,1,0,
Haematopus_ostralegus,train,1,0,
Haemorhous_mexicanus,test,1,0,
Hafferia_fortis,train,1,0,
Halcyon_smyrnensis,train,1,0,
Haliaeetus_albicilla,train,1,0,
Haliaeetus_pelagicus,train,1,0,
Halobaena_caerulea,train,1,0,
Halosauropsis_macrochir,train,1,0,
Harengula_clupeola,train,1,0,
Harengula_humeralis,train,1,0,
Harengula_jaguana,train,1,0,
Harpia_harpyja,train,1,0,
Helix_pomatia,val,1,0,
Heloderma_suspectum,train,1,0,
Hemibagrus_baramensis,train,1,0,
Hemibarbus_labeo,test,1,0,
Hemidactylus_turcicus,train,1,0,
Hemimysis_speluncola,train,1,0,
Hemiphaga_novaeseelandiae,val,1,0,
Hemiramphus_convexus,train,1,0,
Hemitriakis_japanica,train,1,0,
Heosemys_spinosa,train,1,0,
Hepsetus_odoe,train,1,0,
Heptranchias_perlo,train,1,0,
Herpetotheres_cachinnans,train,1,0,
Hesperoedura_reticulata,val,1,0,
Heteronotia_binoei,val,1,0,
Heteronotia_binoei_3N1A,train,1,0,
Heteronotia_binoei_3N1B,train,1,0,
Heteronotia_binoei_EA6,test,1,0,
Heteronotia_binoei_SM6,train,1,0,
Heteropneustes_fossilis,train,1,0,
Heterostichus_rostratus,train,1,0,
Heterotis_niloticus,train,1,0,
Hieraaetus_morphnoides,train,1,0,
Hierococcyx_sparverioides,train,1,0,
Himantopus_mexicanus,train,1,0,
Himantopus_novaezelandiae,train,1,0,
Himatione_sanguinea,train,1,0,
Hippocampus_erectus,train,1,0,
Hippocampus_guttulatus,val,1,0,
Hippocampus_hippocampus,train,1,0,
Hippocampus_kuda,test,1,0,
Hippocampus_reidi,val,1,0,
Hippocampus_zosterae,train,1,0,
Hippoglossoides_platessoides,train,1,0,
Hirundichthys_affinis,val,1,0,
Hirundo_atrocaerulea,train,1,0,
Hirundo_neoxena,train,1,0,
Hirundo_rustica,train,1,0,
Hirundo_tahitica,val,1,0,
Holacanthus_passer,train,1,0,
Holbrookia_maculata,train,1,0,
Holocentrus_adscensionis,val,1,0,
Holothuria_scabra,train,1,0,
Homarus_gammarus,train,1,0,
Homo_sapiens,train,1,0,
Homopus_signatus,train,1,0,
Hoplias_malabaricus,train,1,0,
Huso_huso,train,1,0,
Hyalella_azteca,train,1,0,
Hydrobates_pelagicus,train,1,0,
Hydrochoerus_hydrochaeris,test,1,0,
Hydrocynus_forskahlii,val,1,0,
Hydrocynus_vittatus,train,1,0,
Hydromedusa_maximiliani,test,1,0,
Hydromys_chrysogaster,test,1,0,
Hyla_arborea,train,1,0,
Hylocichla_mustelina,val,1,0,
Hynobius_quelpaertensis,train,1,0,
Hynobius_tokyoensis,train,1,0,
Hynobius_yangi,train,1,0,
Hypanus_dipterurus,train,1,0,
Hypanus_guttatus,train,1,0,
Hypanus_sabinus,train,1,0,
Hyperoche_medusarum,train,1,0,
Hyperoglyphe_antarctica,train,1,0,
Hyperolius_viridiflavus,val,1,0,
Hyperoplus_lanceolatus,train,1,0,
Hypophthalmus_edentatus,val,1,0,
Hypoptychus_dybowskii,train,1,0,
Hypopyrrhus_pyrohypogaster,train,1,0,
Hypostomus_albopunctatus,train,1,0,
Hypotaenidia_owstoni,train,1,0,
Hypsibius_convergens,test,1,0,
Hypsypops_rubicundus,val,1,0,
Iberolacerta_horvathi,val,1,0,
Ichthyaetus_audouinii,train,1,0,
Ichthyomyzon_castaneus,test,1,0,
Ichthyophis_kohtaoensis,train,1,0,
Ictalurus_furcatus_JR,train,1,0,
Ictalurus_punctatus,train,1,0,
Icteria_virens,train,1,0,
Icterus_galbula,test,1,0,
Icterus_parisorum,train,1,0,
Ictinia_mississippiensis,test,1,0,
Iheringichthys_labrosus,test,1,0,
Ihlea_punctata,val,1,0,
Ilisha_africana,train,1,0,
Ilyocryptus_spinifer,train,1,0,
Indicator_indicator,train,1,0,
Indicator_minor,train,1,0,
Indonotothenia_cyanobrancha,train,1,0,
Isopsetta_isolepis,test,1,0,
Istigobius_decoratus,test,1,0,
Istigobius_goldmanni,train,1,0,
Isurus_oxyrinchus,val,1,0,
Ixobrychus_minutus,val,1,0,
Jacana_spinosa,train,1,0,
Jassa_falcata,train,1,0,
Junco_hyemalis,train,1,0,
Junco_phaeonotus,val,1,0,
Jynx_torquilla,train,1,0,
Kajikia_audax,train,1,0,
Karalla_daura,train,1,0,
Karalla_dussumieri,train,1,0,
Katsuwonus_pelamis,test,1,0,
Kinosternon_scorpioides,train,1,0,
Kinosternon_subrubrum,train,1,0,
Kogia_breviceps,train,1,0,
Kogia_sima,val,1,0,
Konosirus_punctatus,train,1,0,
Labeo_altivelis,val,1,0,
Labeo_calbasu,train,1,0,
Labeo_catla,train,1,0,
Labeo_coubie,train,1,0,
Labeo_niloticus,test,1,0,
Labeo_rohita,val,1,0,
Labeo_senegalensis,train,1,0,
Labeobarbus_bynni,train,1,0,
Lacerta_schreiberi,train,1,0,
Lagenorhynchus_albirostris,train,1,0,
Lagopus_lagopus,train,1,0,
Lagopus_leucura,train,1,0,
Lagopus_muta,test,1,0,
Lagorchestes_conspicillatus,val,1,0,
Lagorchestes_hirsutus,val,1,0,
Lagostrophus_fasciatus,train,1,0,
Lamna_ditropis,train,1,0,
Lamna_nasus,val,1,0,
Lampetra_planeri,test,1,0,
Lampornis_clemenciae,train,1,0,
Lampsilis_teres,train,1,0,
Lanio_versicolor,val,1,0,
Lanius_collaris,train,1,0,
Lanius_excubitor,train,1,0,
Lanius_senator,test,1,0,
Lanius_tephronotus,test,1,0,
Larimichthys_polyactis,test,1,0,
Larus_argentatus,train,1,0,
Larus_californicus,train,1,0,
Larus_crassirostris,val,1,0,
Larus_delawarensis,test,1,0,
Larus_dominicanus,train,1,0,
Larus_fuscus,train,1,0,
Larus_glaucescens,train,1,0,
Larus_marinus,train,1,0,
Larus_occidentalis,train,1,0,
Larus_pacificus,train,1,0,
Lates_calcarifer,train,1,0,
Lates_longispinis,train,1,0,
Lates_mariae,val,1,0,
Lates_niloticus,train,1,0,
Lates_stappersii,train,1,0,
Latimeria_chalumnae,train,1,0,
Latonopsis_australis,train,1,0,
Latridopsis_ciliaris,test,1,0,
Latris_lineata,val,1,0,
Leiognathus_bindus,val,1,0,
Leiognathus_brevirostris,train,1,0,
Leiothlypis_peregrina,train,1,0,
Lepadogaster_lepadogaster,val,1,0,
Lepidochelys_kempii,train,1,0,
Lepidogobius_lepidus,train,1,0,
Lepidonotothen_squamifrons,train,1,0,
Lepidorhombus_boscii,test,1,0,
Lepidorhombus_whiffiagonis,val,1,0,
Lepidotrigla_argus,train,1,0,
Lepidotrigla_cavillone,train,1,0,
Lepisma_saccharina,val,1,0,
Lepomis_cyanellus,train,1,0,
Lepomis_gulosus,test,1,0,
Lepomis_macrochirus,train,1,0,
Leptodora_kindtii,train,1,0,
Leptomysis_lingvura,train,1,0,
Leptopogon_amaurocephalus,train,1,0,
Leptoptilos_crumeniferus,train,1,0,
Leptosomus_discolor,val,1,0,
Lepturacanthus_savala,test,1,0,
Lethenteron_appendix,val,1,0,
Leucogeranus_leucogeranus,train,1,0,
Leuconotopicus_borealis,train,1,0,
Leucophaeus_atricilla,train,1,0,
Leucoraja_naevus,train,1,0,
Leucoraja_wallacei,val,1,0,
Leucosticte_tephrocotis,train,1,0,
Leydigia_ciliata,train,1,0,
Limia_vittata,train,1,0,
Limnodromus_griseus,val,1,0,
Limosa_haemastica,test,1,0,
Limosa_limosa,train,1,0,
Lindbergichthys_nudifrons,test,1,0,
Liolaemus_wiegmannii,val,1,0,
Liopholis_guthega,train,1,0,
Liopholis_inornata,test,1,0,
Liopholis_striata,train,1,0,
Liparis_gibbus,train,1,0,
Liparis_inquilinus,train,1,0,
Liparis_pulchellus,train,1,0,
Lissodelphis_borealis,test,1,0,
Lissotriton_boscai,train,1,0,
Lissotriton_helveticus,train,1,0,
Lissotriton_vulgaris,val,1,0,
Lithobates_catesbeianus,train,1,0,
Lithobates_chiricahuensis,train,1,0,
Lithobates_clamitans,train,1,0,
Lithognathus_mormyrus,test,1,0,
Lobatus_gigas,train,1,0,
Lobotes_surinamensis,train,1,0,
Lonchura_oryzivora,train,1,0,
Lophochroa_leadbeateri,train,1,0,
Lophophanes_cristatus,train,1,0,
Lophotibis_cristata,train,1,0,
Loricariichthys_anus,val,1,0,
Lota_lota,train,1,0,
Loxioides_bailleui,train,1,0,
Loxodon_macrorhinus,train,1,0,
Loxodonta_africana,train,1,0,
Loxops_coccineus,test,1,0,
Lumbricus_rubellus,train,1,0,
Lutjanus_adetii,train,1,0,
Lutjanus_bohar,train,1,0,
Lutjanus_kasmira,train,1,0,
Lutjanus_synagris,train,1,0,
Lutjanus_vitta,val,1,0,
Lybius_torquatus,val,1,0,
Lycengraulis_grossidens,train,1,0,
Maccullochella_ikei,val,1,0,
Maccullochella_peelii,train,1,0,
Macomangulus_tenuis,test,1,0,
Macquaria_ambigua,train,1,0,
Macquaria_novemaculeata,val,1,0,
Macrobiotus_hufelandii,train,1,0,
Macrobrachium_rosenbergii,val,1,0,
Macrocheira_kaempferi,train,1,0,
Macrochelys_temminckii,test,1,0,
Macronectes_giganteus,train,1,0,
Macronectes_halli,test,1,0,
Macropus_agilis,train,1,0,
Macropus_antilopinus,train,1,0,
Macropus_eugenii,train,1,0,
Macropus_fuliginosus,val,1,0,
Macropus_giganteus,train,1,0,
Macropus_parma,train,1,0,
Macropus_rufogriseus,test,1,0,
Macropus_rufus,train,1,0,
Macroramphosus_gracilis,train,1,0,
Macroramphosus_scolopax,test,1,0,
Macrothrix_triserialis,train,1,0,
Macruronus_novaezelandiae,test,1,0,
Maculabatis_astra,train,1,0,
Magumma_parva,train,1,0,
Malacoraja_senta,test,1,0,
Malurus_splendens,val,1,0,
Manis_javanica,train,1,0,
Manis_pentadactyla,train,1,0,
Manorina_melanophrys,train,1,0,
Marcusenius_macrolepidotus,train,1,0,
Marcusenius_pongolensis,train,1,0,
Mareca_americana,train,1,0,
Mareca_strepera,val,1,0,
Margaritifera_laevis,train,1,0,
Margaritifera_margaritifera,train,1,0,
Margarops_fuscatus,val,1,0,
Masius_chrysopterus,test,1,0,
Mauremys_reevesii,train,1,0,
Mauremys_rivulata,test,1,0,
Mecistops_cataphractus,train,1,0,
Megaceryle_alcyon,train,1,0,
Megalaspis_cordyla,test,1,0,
Megalonaias_nervosa,train,1,0,
Megaptera_novaeangliae,test,1,0,
Megascops_asio,train,1,0,
Megascops_choliba,train,1,0,
Megascops_kennicottii,train,1,0,
Megascops_trichopsis,train,1,0,
Melampitta_lugubris,train,1,0,
Melanerpes_formicivorus,train,1,0,
Melanitta_deglandi,train,1,0,
Melanitta_perspicillata,test,1,0,
Melanogrammus_aeglefinus,train,1,0,
Melanosuchus_niger,train,1,0,
Melanotaenia_boesemani,val,1,0,
Meleagris_gallopavo,train,1,0,
Melospiza_lincolnii,train,1,0,
Melospiza_melodia,test,1,0,
Melozone_aberti,val,1,0,
Melozone_crissalis,test,1,0,
Membras_martinica,train,1,0,
Mene_maculata,val,1,0,
Menidia_extensa,train,1,0,
Menticirrhus_americanus,train,1,0,
Menticirrhus_saxatilis,train,1,0,
Menticirrhus_undulatus,train,1,0,
Menura_novaehollandiae,train,1,0,
Mercenaria_mercenaria,train,1,0,
Mergus_merganser,train,1,0,
Mergus_serrator,train,1,0,
Merlangius_merlangus,train,1,0,
Merluccius_merluccius,train,1,0,
Merops_apiaster,train,1,0,
Merops_bulocki,val,1,0,
Merops_orientalis,train,1,0,
Merops_pusillus,train,1,0,
Merops_viridis,train,1,0,
Mesitornis_variegatus,train,1,0,
Mesoplodon_stejnegeri,train,1,0,
Micralestes_acutidens,train,1,0,
Micrathene_whitneyi,train,1,0,
Microbates_cinereiventris,train,1,0,
Microcarbo_africanus,train,1,0,
Microcarbo_coronatus,test,1,0,
Microcarbo_niger,train,1,0,
Microcondylaea_bonellii,train,1,0,
Micromonacha_lanceolata,val,1,0,
Micropterus_dolomieu,val,1,0,
Micropterus_salmoides,train,1,0,
Microspingus_torquatus,train,1,0,
Microstomus_kitt,train,1,0,
Microstomus_pacificus,train,1,0,
Micrurus_corallinus,train,1,0,
Micrurus_fulvius,train,1,0,
Milnesium_tardigradum,train,1,0,
Milvus_migrans,train,1,0,
Milvus_milvus,train,1,0,
Mimachlamys_varia,test,1,0,
Mimus_polyglottos,train,1,0,
Mionectes_macconnelli,test,1,0,
Mionectes_oleagineus,train,1,0,
Mitsukurina_owstoni,train,1,0,
Mobula_birostris,train,1,0,
Moenkhausia_dichroura,train,1,0,
Moenkhausia_pittieri,train,1,0,
Mohoua_novaeseelandiae,train,1,0,
Moina_micrura,train,1,0,
Moina_weismanni,train,1,0,
Molothrus_aeneus,test,1,0,
Molothrus_ater,val,1,0,
Molothrus_bonariensis,test,1,0,
Molothrus_rufoaxillaris,train,1,0,
Monochirus_hispidus,train,1,0,
Monocorophium_insidiosum,train,1,0,
Mormyrops_anguilloides,train,1,0,
Mormyrus_kannume,train,1,0,
Mormyrus_longirostris,train,1,0,
Morone_chrysops,val,1,0,
Morone_mississippiensis,train,1,0,
Morone_saxatilis,val,1,0,
Morphnus_guianensis,train,1,0,
Morus_bassanus,train,1,0,
Morus_capensis,train,1,0,
Morus_serrator,train,1,0,
Motacilla_aguimp,test,1,0,
Motacilla_alba,train,1,0,
Motacilla_citreola,train,1,0,
Motacilla_clara,train,1,0,
Motacilla_flava,train,1,0,
Mugil_liza,train,1,0,
Muraenesox_bagio,train,1,0,
Muraenesox_cinereus,train,1,0,
Mustelus_antarcticus,train,1,0,
Mustelus_californicus,train,1,0,
Mustelus_canis,train,1,0,
Mustelus_henlei,train,1,0,
Mustelus_manazo,train,1,0,
Mustelus_mustelus,train,1,0,
Mustelus_punctulatus,train,1,0,
Mustelus_schmitti,train,1,0,
Mustelus_walkeri,train,1,0,
Mya_arenaria,train,1,0,
Myadestes_obscurus,train,1,0,
Myadestes_palmeri,test,1,0,
Mycteria_americana,train,1,0,
Mycteria_cinerea,train,1,0,
Mycteria_leucocephala,test,1,0,
Myiarchus_cinerascens,val,1,0,
Myiobius_atricaudus,test,1,0,
Myioborus_miniatus,val,1,0,
Myioborus_pictus,train,1,0,
Myiopsitta_monachus,val,1,0,
Myiozetetes_similis,test,1,0,
Myliobatis_aquila,val,1,0,
Myliobatis_californica,train,1,0,
Myloplus_rhomboidalis,val,1,0,
Myripristis_amaena,train,1,0,
Myripristis_murdjan,train,1,0,
Myrmecocichla_formicivora,train,1,0,
Mysis_mixta,val,1,0,
Mystus_cavasius,train,1,0,
Mytilaster_minimus,train,1,0,
Mytilopsis_sallei,val,1,0,
Mytilus_californianus,train,1,0,
Mytilus_edulis,train,1,0,
Mytilus_trossulus,train,1,0,
Myuchelys_bellii,train,1,0,
Nandinia_binotata,train,1,0,
Nannatherina_balstoni,test,1,0,
Nannoperca_vittata,train,1,0,
Nanorana_parkeri,train,1,0,
Natator_depressus,train,1,0,
Natrix_maura,train,1,0,
Natrix_natrix,test,1,0,
Nautilus_pompilius,train,1,0,
Necrosyrtes_monachus,test,1,0,
Necturus_maculosus,train,1,0,
Negaprion_brevirostris,train,1,0,
Nematalosa_vlaminghi,train,1,0,
Neobola_stellae,train,1,0,
Neoceratodus_forsteri,test,1,0,
Neodraco_skottsbergi,train,1,0,
Neoniphon_sammara,train,1,0,
Neophema_chrysogaster,train,1,0,
Neophocaena_phocaenoides,train,1,0,
Neophron_percnopterus,train,1,0,
Neotrygon_annotata,test,1,0,
Neotrygon_kuhlii,test,1,0,
Neotrygon_picta,train,1,0,
Nestor_notabilis,train,1,0,
Ninox_novaeseelandiae,train,1,0,
Ninox_strenua,train,1,0,
Nipponia_nippon,train,1,0,
Nothonotus_bellus,train,1,0,
Notothenia_neglecta,test,1,0,
Nototheniops_larseni,train,1,0,
Noturus_baileyi,train,1,0,
Noturus_phaeus,train,1,0,
Nuchequula_blochii,val,1,0,
Nuchequula_gerreoides,train,1,0,
Numenius_arquata,train,1,0,
Numenius_phaeopus,train,1,0,
Numenius_tahitiensis,train,1,0,
Numida_meleagris,train,1,0,
Nycticorax_nycticorax,test,1,0,
Nyctiphanes_australis,val,1,0,
Nymphicus_hollandicus,train,1,0,
Obliquaria_reflexa,train,1,0,
Oceanites_oceanicus,train,1,0,
Oceanodroma_castro,test,1,0,
Oceanodroma_furcata,val,1,0,
Oceanodroma_leucorhoa,train,1,0,
Oceanodroma_microsoma,train,1,0,
Oceanodroma_tristrami,train,1,0,
Octopus_cyanea,train,1,0,
Octopus_joubini,test,1,0,
Octopus_vulgaris,train,1,0,
Ocyurus_chrysurus,val,1,0,
Odocoileus_virginianus,train,1,0,
Odontostilbe_paraguayensis,train,1,0,
Oedura_monilis,train,1,0,
Oenanthe_familiaris,val,1,0,
Oenanthe_oenanthe,test,1,0,
Oligosarcus_hepsetus,train,1,0,
Oncorhynchus_clarkii_stomias,train,1,0,
Oncorhynchus_gilae,train,1,0,
Oncorhynchus_kisutch,val,1,0,
Oncorhynchus_mykiss,train,1,0,
Oncorhynchus_nerka,train,1,0,
Oncorhynchus_tshawytscha,test,1,0,
Onychodactylus_japonicus,train,1,0,
Onychogalea_fraenata,train,1,0,
Onychoprion_anaethetus,train,1,0,
Onychoprion_fuscatus,train,1,0,
Ophiura_albida,train,1,0,
Ophiura_ophiura,train,1,0,
Opisthocomus_hoazin,val,1,0,
Orectolobus_halei,train,1,0,
Orectolobus_hutchinsi,train,1,0,
Orectolobus_maculatus,test,1,0,
Orectolobus_ornatus,test,1,0,
Oregonichthys_crameri,val,1,0,
Oreophasis_derbianus,train,1,0,
Oreortyx_pictus,test,1,0,
Oreoscoptes_montanus,test,1,0,
Oriolus_sagittatus,val,1,0,
Ortalis_vetula,test,1,0,
Orthotomus_sutorius,train,1,0,
Oryctolagus_cuniculus_NZW,test,1,0,
Oryzias_latipes,train,1,0,
Osmerus_dentex,test,1,0,
Osmerus_mordax,test,1,0,
Osphronemus_goramy,train,1,0,
Osteolaemus_tetraspis,train,1,0,
Ostorhinchus_doederleini,train,1,0,
Otis_tarda,train,1,0,
Otus_senegalensis,train,1,0,
Oxyura_jamaicensis,test,1,0,
Oxyurella_longicaudis,train,1,0,
Pachyptila_belcheri,train,1,0,
Pachyptila_vittata,val,1,0,
Pacifastacus_leniusculus,train,1,0,
Pagellus_acarne,train,1,0,
Pagellus_bellottii,train,1,0,
Pagellus_bogaraveo,test,1,0,
Pagetopsis_maculatus,train,1,0,
Pagodroma_nivea,train,1,0,
Pagophilus_groenlandicus,train,1,0,
Pagothenia_borchgrevinki,train,1,0,
Pagrus_major,train,1,0,
Pagurus_bernhardus,train,1,0,
Palaemon_elegans,train,1,0,
Palaemonetes_pugio,test,1,0,
Palaemonetes_varians,train,1,0,
Paleosuchus_palpebrosus,train,1,0,
Paleosuchus_trigonatus,train,1,0,
Pandion_haliaetus,train,1,0,
Pangasianodon_hypophthalmus,train,1,0,
Pangasius_pangasius,train,1,0,
Pangshura_tecta,train,1,0,
Panopea_abbreviata,train,1,0,
Papasula_abbotti,train,1,0,
Parabuteo_unicinctus,train,1,0,
Paracheirodon_innesi,test,1,0,
Paradigalla_brevicauda,test,1,0,
Paradisaea_rubra,test,1,0,
Parailia_pellucida,train,1,0,
Paralabrax_auroguttatus,train,1,0,
Paralabrax_clathratus,val,1,0,
Paralaudakia_stoliczkana,train,1,0,
Paralithodes_camtschaticus,test,1,0,
Paramesotriton_hongkongensis,train,1,0,
Paranotothenia_magellanica,train,1,0,
Parapocryptes_serperaster,train,1,0,
Parargyrops_edita,train,1,0,
Parastromateus_niger,train,1,0,
Parkesia_motacilla,train,1,0,
Parkesia_noveboracensis,val,1,0,
Parma_microlepis,test,1,0,
Parophrys_vetulus,test,1,0,
Paroreomyza_montana,val,1,0,
Parus_major,train,1,0,
Parus_monticolus,train,1,0,
Parvaspina_collina,train,1,0,
Passer_cinnamomeus,train,1,0,
Passer_domesticus,train,1,0,
Passer_montanus,train,1,0,
Passerculus_sandwichensis,val,1,0,
Passerella_iliaca,train,1,0,
Passerina_amoena,train,1,0,
Passerina_ciris,train,1,0,
Passerina_cyanea,train,1,0,
Patagioenas_fasciata,val,1,0,
Pavo_cristatus,train,1,0,
Pecten_maximus,train,1,0,
Pedetes_capensis,train,1,0,
Pedionomus_torquatus,val,1,0,
Pegea_confoederata,test,1,0,
Pegusa_lascaris,val,1,0,
Pelagodroma_marina,train,1,0,
Pelecanoides_georgicus,test,1,0,
Pelecanoides_urinatrix,train,1,0,
Pelecanus_erythrorhynchos,test,1,0,
Pelecanus_occidentalis,train,1,0,
Pelecanus_onocrotalus,val,1,0,
Pellona_ditchela,train,1,0,
Pellona_harroweri,test,1,0,
Pellonula_leonensis,test,1,0,
Pelobates_cultripes,train,1,0,
Pelobates_fuscus,train,1,0,
Pelobates_syriacus,val,1,0,
Pelophylax_bedriagae,test,1,0,
Pelophylax_caralitanus,val,1,0,
Pelophylax_epeiroticus,val,1,0,
Pelophylax_nigromaculatus,train,1,0,
Pelophylax_perezi,train,1,0,
Pelophylax_porosus,train,1,0,
Pelophylax_ridibundus,val,1,0,
Pelophylax_saharicus,val,1,0,
Penaeus_esculentus,train,1,0,
Pennahia_argentata,train,1,0,
Peponocephala_electra,train,1,0,
Percichthys_trucha,test,1,0,
Percilia_irwini,train,1,0,
Percina_tanasi,val,1,0,
Perdix_perdix,train,1,0,
Periparus_ater,train,1,0,
Peristedion_cataphractum,train,1,0,
Perna_canaliculus,train,1,0,
Perna_viridis,train,1,0,
Pernis_apivorus,test,1,0,
Petrocephalus_bovei,val,1,0,
Petrochelidon_ariel,test,1,0,
Petrochelidon_pyrrhonota,train,1,0,
Petrochelidon_spilodera,train,1,0,
Petrogale_xanthopus,train,1,0,
Petromyzon_marinus,test,1,0,
Peucaea_aestivalis,train,1,0,
Peucaea_botterii,train,1,0,
Peucaea_cassinii,train,1,0,
Phacellodomus_ruber,train,1,0,
Phacellodomus_sibilatrix,train,1,0,
Phaeognathus_hubrichti,val,1,0,
Phaethon_aethereus,train,1,0,
Phaethon_lepturus,train,1,0,
Phaethon_rubricauda,val,1,0,
Phaethornis_augusti,train,1,0,
Phalacrocorax_aristotelis,train,1,0,
Phalacrocorax_auritus,train,1,0,
Phalacrocorax_brasilianus,test,1,0,
Phalacrocorax_carbo,train,1,0,
Phalacrocorax_pelagicus,train,1,0,
Phalacronotus_micronemus,val,1,0,
Phalaenoptilus_nuttallii,train,1,0,
Phalaropus_lobatus,train,1,0,
Phascolarctos_cinereus,test,1,0,
Phasianus_colchicus,train,1,0,
Phataginus_tetradactyla,train,1,0,
Phataginus_tricuspis,train,1,0,
Pheucticus_ludovicianus,train,1,0,
Pheucticus_melanocephalus,val,1,0,
Philomachus_pugnax,train,1,0,
Phlogophilus_harterti,train,1,0,
Phocoena_phocoena,train,1,0,
Phocoenoides_dalli,train,1,0,
Phoebastria_immutabilis,train,1,0,
Phoebastria_nigripes,val,1,0,
Phoebetria_fusca,train,1,0,
Phoebetria_palpebrata,train,1,0,
Phoeniconaias_minor,train,1,0,
Phoenicopterus_chilensis,test,1,0,
Phoenicopterus_roseus,train,1,0,
Phoenicopterus_ruber,train,1,0,
Pholidoscelis_exsul,test,1,0,
Phorcus_lineatus,val,1,0,
Photopectoralis_bindus,test,1,0,
Phycodurus_eques,train,1,0,
Phyllopteryx_taeniolatus,train,1,0,
Phylloscopus_collybita,val,1,0,
Phylloscopus_sibilatrix,train,1,0,
Phylloscopus_trochilus,train,1,0,
Physa_fontinalis,train,1,0,
Physella_gyrina,train,1,0,
Piaractus_brachypomus,val,1,0,
Pica_hudsonia,val,1,0,
Pica_pica,val,1,0,
Picathartes_gymnocephalus,train,1,0,
Picoides_arcticus,test,1,0,
Picumnus_nebulosus,val,1,0,
Pimephales_promelas,train,1,0,
Pimephales_vigilax,train,1,0,
Pinguinus_impennis,train,1,0,
Pipilo_chlorurus,train,1,0,
Pipilo_erythrophthalmus,train,1,0,
Pipilo_maculatus,train,1,0,
Piranga_olivacea,test,1,0,
Piranga_rubra,val,1,0,
Pitta_iris,train,1,0,
Pitta_versicolor,train,1,0,
Placopecten_magellanicus,train,1,0,
Plagioscion_squamosissimus,train,1,0,
Planorbis_planorbis,test,1,0,
Platalea_ajaja,test,1,0,
Platalea_alba,train,1,0,
Platalea_leucorodia,test,1,0,
Platalea_regia,train,1,0,
Platanista_gangetica,val,1,0,
Platax_orbicularis,train,1,0,
Platichthys_flesus,train,1,0,
Platichthys_stellatus,test,1,0,
Platycephalus_caeruleopunctatus,val,1,0,
Platycephalus_richardsoni,train,1,0,
Platyrhina_sinensis,train,1,0,
Plectroglyphidodon_dickii,train,1,0,
Plectrophenax_nivalis,train,1,0,
Plectropomus_leopardus,train,1,0,
Plectropomus_maculatus,train,1,0,
Plectropomus_pessuliferus,val,1,0,
Plegadis_chihi,train,1,0,
Plegadis_falcinellus,val,1,0,
Plethodon_cinereus,test,1,0,
Plethodon_kentucki,train,1,0,
Pleurobema_riddellii,train,1,0,
Pleurobrachia_bachei,train,1,0,
Pleurobrachia_pileus,train,1,0,
Pleurodeles_waltl,test,1,0,
Pleuroxus_aduncus,train,1,0,
Pleuroxus_striatus,test,1,0,
Ploceus_castaneiceps,test,1,0,
Ploceus_cucullatus,val,1,0,
Plotosus_lineatus,test,1,0,
Pluvialis_apricaria,train,1,0,
Pluvialis_dominica,train,1,0,
Pluvialis_squatarola,val,1,0,
Podarcis_muralis_Castanet,test,1,0,
Podargus_strigoides,train,1,0,
Podilymbus_podiceps,train,1,0,
Podocnemis_expansa,train,1,0,
Podocnemis_unifilis,test,1,0,
Poecile_atricapillus,train,1,0,
Poecilia_latipinna,train,1,0,
Pogona_barbata,train,1,0,
Pogonocichla_stellata,val,1,0,
Poicephalus_cryptoxanthus,train,1,0,
Poicephalus_robustus,train,1,0,
Pollachius_virens,train,1,0,
Polyplectron_inopinatum,train,1,0,
Pomacea_canaliculata,train,1,0,
Pomacentrus_amboinensis,train,1,0,
Pomacentrus_coelestis,train,1,0,
Pomacentrus_moluccensis,train,1,0,
Pomacentrus_wardi,test,1,0,
Pomadasys_argenteus,train,1,0,
Pomadasys_argyreus,train,1,0,
Pomadasys_kaakan,test,1,0,
Pomadasys_striatus,train,1,0,
Pomatomus_saltatrix,test,1,0,
Pomatoschistus_microps,val,1,0,
Pomatoschistus_minutus,train,1,0,
Pomatostomus_temporalis,train,1,0,
Pomoxis_nigromaculatus,train,1,0,
Pontinus_kuhlii,train,1,0,
Pooecetes_gramineus,train,1,0,
Poospiza_ornata,train,1,0,
Porcellio_scaber,train,1,0,
Poroderma_africanum,train,1,0,
Porphyrio_martinica,train,1,0,
Porzana_carolina,train,1,0,
Potamalosa_richmondia,train,1,0,
Potamilus_purpuratus,train,1,0,
Potamorhina_latior,train,1,0,
Potamotrygon_leopoldi,test,1,0,
Potomida_littoralis,train,1,0,
Premnoplex_brunnescens,train,1,0,
Prinia_maculosa,train,1,0,
Prionotus_albirostris,train,1,0,
Prionotus_carolinus,train,1,0,
Prionotus_punctatus,train,1,0,
Prionotus_stephanophrys,train,1,0,
Pristiophorus_cirratus,test,1,0,
Pristipomoides_auricilla,train,1,0,
Pristipomoides_filamentosus,test,1,0,
Pristipomoides_flavipinnis,train,1,0,
Pristipomoides_macrophthalmus,test,1,0,
Pristipomoides_sieboldii,train,1,0,
Pristipomoides_zonatus,val,1,0,
Pristis_clavata,test,1,0,
Pristis_microdon,train,1,0,
Pristis_pectinata,val,1,0,
Pristis_perotteti,train,1,0,
Pristis_pristis,train,1,0,
Pristis_zijsron,train,1,0,
Probosciger_aterrimus,train,1,0,
Procambarus_virginalis,train,1,0,
Procavia_capensis,train,1,0,
Procellaria_aequinoctialis,train,1,0,
Procellaria_cinerea,val,1,0,
Procnias_averano,test,1,0,
Progne_chalybea,train,1,0,
Progne_subis,train,1,0,
Progne_tapera,train,1,0,
Promerops_cafer,val,1,0,
Pronodularia_japanensis,test,1,0,
Prosopeia_tabuensis,train,1,0,
Protonibea_diacanthus,train,1,0,
Protonotaria_citrea,train,1,0,
Psammophis_sibilans,train,1,0,
Psammophylax_rhombeatus,train,1,0,
Psenopsis_anomala,val,1,0,
Psettodes_erumei,test,1,0,
Pseudemydura_umbrina,train,1,0,
Pseudemys_texana,train,1,0,
Pseudobagrus_vachellii,train,1,0,
Pseudobatos_horkelii,test,1,0,
Pseudobatos_percellens,test,1,0,
Pseudobulweria_rostrata,train,1,0,
Pseudocaranx_dentex,train,1,0,
Pseudochaenichthys_georgianus,train,1,0,
Pseudochromis_flavivertex,train,1,0,
Pseudochromis_fuscus,train,1,0,
Pseudocyttus_maculatus,train,1,0,
Pseudoleistes_virescens,train,1,0,
Pseudomys_novaehollandiae,train,1,0,
Pseudophryne_bibronii,train,1,0,
Pseudoplatystoma_corruscans,train,1,0,
Pseudoplatystoma_fasciatum,train,1,0,
Pseudoplatystoma_punctifer,train,1,0,
Pseudoplatystoma_tigrinum,train,1,0,
Pseudopleuronectes_americanus,train,1,0,
Pseudopleuronectes_yokohamae,train,1,0,
Pseudoseisura_lophotes,train,1,0,
Pseudosida_bidentata,train,1,0,
Pseudosida_ramosa,test,1,0,
Psiloscops_flammeolus,train,1,0,
Psittacula_eupatria,train,1,0,
Psittacula_krameri,val,1,0,
Psittaculirostris_salvadorii,train,1,0,
Psittrichas_fulgidus,train,1,0,
Psophia_crepitans,train,1,0,
Psophia_leucoptera,train,1,0,
Pternistis_bicalcaratus,train,1,0,
Pterocles_alchata,test,1,0,
Pterocles_namaqua,train,1,0,
Pterocles_orientalis,train,1,0,
Pterodoras_granulosus,val,1,0,
Pterodroma_atrata,train,1,0,
Pterodroma_axillaris,train,1,0,
Pterodroma_hypoleuca,train,1,0,
Pterodroma_incerta,train,1,0,
Pterodroma_leucoptera,test,1,0,
Pterodroma_macroptera,train,1,0,
Pterodroma_nigripennis,train,1,0,
Pterodroma_phaeopygia,test,1,0,
Pterodroma_pycrofti,train,1,0,
Pterodroma_sandwichensis,train,1,0,
Pterodroma_solandri,train,1,0,
Pteroglossus_bailloni,val,1,0,
Pteroglossus_castanotis,train,1,0,
Pteroglossus_torquatus,train,1,0,
Pteroglossus_viridis,val,1,0,
Pteroplatytrygon_violacea,train,1,0,
Ptychocheilus_oregonensis,test,1,0,
Ptychoramphus_aleuticus,test,1,0,
Puffinus_assimilis,val,1,0,
Puffinus_baroli,train,1,0,
Puffinus_gavia,train,1,0,
Puffinus_huttoni,train,1,0,
Puffinus_lherminieri,val,1,0,
Puffinus_opisthomelas,train,1,0,
Puffinus_puffinus,val,1,0,
Pungitius_pungitius,train,1,0,
Pycnochromis_margaritifer,val,1,0,
Pycnogonum_litorale,train,1,0,
Pygoscelis_adeliae,train,1,0,
Pygoscelis_antarcticus,train,1,0,
Pygoscelis_papua,train,1,0,
Pylodictis_olivaris,train,1,0,
Pyrrholaemus_sagittatus,val,1,0,
Python_regius,train,1,0,
Pyxicephalus_adspersus,test,1,0,
Quadrula_quadrula,train,1,0,
Quintana_atrizona,train,1,0,
Quiscalus_major,val,1,0,
Quiscalus_mexicanus,train,1,0,
Quiscalus_quiscula,train,1,0,
Rachycentron_canadum,train,1,0,
Raja_asterias,train,1,0,
Raja_microocellata,train,1,0,
Raja_miraletus,train,1,0,
Raja_montagui,train,1,0,
Raja_polystigma,test,1,0,
Raja_radula,train,1,0,
Raja_texana,val,1,0,
Raja_undulata,test,1,0,
Rallus_elegans,train,1,0,
Rallus_limicola,train,1,0,
Ramazzottius_oberhaeuseri,train,1,0,
Ramphastos_dicolorus,train,1,0,
Ramphastos_sulfuratus,train,1,0,
Ramphastos_toco,train,1,0,
Ramsayornis_modestus,train,1,0,
Rana_chensinensis,train,1,0,
Rana_iberica,test,1,0,
Rana_latastei,train,1,0,
Rana_macrocnemis,train,1,0,
Rana_muscosa,train,1,0,
Ranodon_sibiricus,train,1,0,
Rastrelliger_brachysoma,train,1,0,
Rastrelliger_faughni,test,1,0,
Rastrelliger_kanagurta,val,1,0,
Rastrineobola_argentea,train,1,0,
Ratabulus_diversidens,train,1,0,
Rattus_norvegicus,train,1,0,
Rattus_norvegicus_Wistar,train,1,0,
Recurvirostra_americana,test,1,0,
Regulus_ignicapillus,train,1,0,
Regulus_regulus,train,1,0,
Remiz_pendulinus,train,1,0,
Rhabdotorrhinus_corrugatus,train,1,0,
Rhabdotorrhinus_exarhatus,train,1,0,
Rhabdotorrhinus_waldeni,train,1,0,
Rhaebo_blombergi,val,1,0,
Rhea_americana,train,1,0,
Rhincodon_typus,test,1,0,
Rhinobatos_productus,train,1,0,
Rhinobatos_rhinobatos,test,1,0,
Rhinocrypta_lanceolata,test,1,0,
Rhinogobiops_nicholsii,train,1,0,
Rhinogobius_brunneus,train,1,0,
Rhinopomastus_cyanomelas,test,1,0,
Rhinoptera_bonasus,train,1,0,
Rhizoprionodon_acutus,train,1,0,
Rhizoprionodon_lalandii,val,1,0,
Rhizoprionodon_oligolinx,train,1,0,
Rhizoprionodon_porosus,train,1,0,
Rhizoprionodon_taylori,val,1,0,
Rhodeus_amarus,train,1,0,
Rhodeus_ocellatus,train,1,0,
Rhodeus_sericeus,train,1,0,
Rhombosolea_leporina,train,1,0,
Rhombosolea_plebeia,train,1,0,
Rhyacotriton_olympicus,train,1,0,
Rhyacotriton_variegatus,train,1,0,
Rhynchocyclus_fulvipectus,val,1,0,
Rhynchophanes_mccownii,train,1,0,
Rhynchotus_rufescens,train,1,0,
Rioraja_agassizii,train,1,0,
Riparia_riparia,train,1,0,
Rissa_brevirostris,train,1,0,
Rissa_tridactyla,train,1,0,
Rogadius_asper,train,1,0,
Roncador_stearnsii,train,1,0,
Rostroraja_texana,train,1,0,
Ruditapes_philippinarum,train,1,0,
Sagittarius_serpentarius,test,1,0,
Sakesphorus_canadensis,test,1,0,
Salamandra_lanzai,train,1,0,
Salamandrina_perspicillata,train,1,0,
Salpa_thompsoni,train,1,0,
Salvator_merianae,train,1,0,
Salvelinus_alpinus,train,1,0,
Salvelinus_willoughbii,train,1,0,
Sander_vitreus,train,1,0,
Sarcoramphus_papa,test,1,0,
Sarda_chiliensis,test,1,0,
Sarda_orientalis,train,1,0,
Sarda_sarda,train,0,1,
Sardina_pilchardus,train,1,0,
Sardinella_albella,train,1,0,
Sardinella_aurita,train,1,0,
Sardinella_brasiliensis,train,1,0,
Sardinella_fimbriata,train,1,0,
Sardinella_gibbosa,test,1,0,
Sardinella_lemuru,train,1,0,
Sardinella_longiceps,train,1,0,
Sardinella_maderensis,train,1,0,
Sardinella_melanura,train,1,0,
Sardinella_sindensis,train,1,0,
Sardinella_tawilis,train,1,0,
Sardinella_zunasi,train,1,0,
Sargocentron_diadema,test,1,0,
Sargocentron_microstoma,val,1,0,
Sargocentron_rubrum,val,1,0,
Saucerottia_tobaci,train,1,0,
Sauromalus_ater,train,1,0,
Saxicola_rubetra,train,1,0,
Saxicola_rubicola,train,1,0,
Saxicola_torquatus,train,1,0,
Sayornis_phoebe,train,1,0,
Scaphirhynchus_platorynchus,train,1,0,
Scaphirhynchus_suttkusi,val,1,0,
Sceloporus_grammicus,test,1,0,
Sceloporus_jarrovii,train,1,0,
Sceloporus_occidentalis,train,1,0,
Sceloporus_orcutti,train,1,0,
Sceloporus_spinosus,test,1,0,
Sceloporus_undulatus,test,1,0,
Schiffornis_turdina,train,1,0,
Schilbe_intermedius,val,1,0,
Schilbe_mandibularis,train,1,0,
Schilbe_uranoscopus,test,1,0,
Schmidtea_polychroa,train,1,0,
Scincella_lateralis,train,1,0,
Scoliodon_laticaudus,train,1,0,
Scolopax_minor,train,1,0,
Scomber_colias,train,1,0,
Scomber_japonicus,train,1,0,
Scomber_scombrus,train,1,0,
Scomberesox_saurus,train,1,0,
Scomberomorus_maculatus,train,1,0,
Scomberomorus_munroi,val,1,0,
Scomberomorus_niphonius,train,1,0,
Scomberomorus_queenslandicus,train,1,0,
Scophthalmus_maximus,val,1,0,
Scophthalmus_rhombus,train,1,0,
Scopus_umbretta,train,1,0,
Scorpaena_elongata,val,1,0,
Scorpaena_guttata,train,1,0,
Scorpaena_maderensis,train,1,0,
Scorpaena_notata,train,1,0,
Scorpaena_porcus,train,1,0,
Scorpaena_scrofa,train,1,0,
Scyliorhinus_canicula,test,1,0,
Scyliorhinus_retifer,train,1,0,
Scytalopus_latrans,train,1,0,
Scytalopus_parvirostris,train,1,0,
Secutor_insidiator,train,1,0,
Seiurus_aurocapilla,train,1,0,
Selar_crumenophthalmus,train,1,0,
Selaroides_leptolepis,train,1,0,
Selenidera_piperivora,train,1,0,
Semaprochilodus_insignis,train,1,0,
Semaprochilodus_taeniurus,train,1,0,
Semicossyphus_pulcher,val,1,0,
Sepia_officinalis,train,1,0,
Sepiella_inermis,train,1,0,
Septifer_virgatus,train,1,0,
Serinus_canaria,train,1,0,
Setipinna_phasa,train,1,0,
Setipinna_taty,train,1,0,
Setonix_brachyurus,train,1,0,
Setopagis_parvula,val,1,0,
Setophaga_aestiva,train,1,0,
Setophaga_caerulescens,test,1,0,
Setophaga_citrina,train,1,0,
Setophaga_discolor,test,1,0,
Setophaga_kirtlandii,test,1,0,
Setophaga_petechia,train,1,0,
Setophaga_ruticilla,train,1,0,
Setophaga_striata,val,1,0,
Setophaga_townsendi,train,1,0,
Setophaga_virens,train,1,0,
Sialia_currucoides,val,1,0,
Sialia_mexicana,train,1,0,
Siganus_luridus,test,1,0,
Siganus_rivulatus,train,1,0,
Sillago_aeolus,train,1,0,
Sillago_burrus,train,1,0,
Sillago_ciliata,train,1,0,
Sillago_flindersi,train,1,0,
Sillago_japonica,train,1,0,
Sillago_schomburgkii,train,1,0,
Sillago_sihama,train,1,0,
Sillago_vittata,test,1,0,
Silurus_glanis,train,1,0,
Silurus_triostegus,test,1,0,
Siniperca_chuatsi,val,1,0,
Sinosuthora_zappeyi,val,1,0,
Siphateles_bicolor,val,1,0,
Siren_lacertina,train,1,0,
Sitta_europaea,test,1,0,
Smaug_giganteus,train,1,0,
Smeringurus_mesaensis,train,1,0,
Smutsia_gigantea,val,1,0,
Smutsia_temminckii,train,1,0,
Solea_senegalensis,test,1,0,
Solea_solea,train,1,0,
Somateria_mollissima,val,1,0,
Sorex_araneus,train,1,0,
Sotalia_fluviatilis,train,1,0,
Sotalia_guianensis,val,1,0,
Spatula_discors,train,1,0,
Speleomantes_ambrosii,train,1,0,
Speleomantes_imperialis,train,1,0,
Spermestes_cucullata,train,1,0,
Sphaerodactylus_vincenti,train,1,0,
Spheniscus_demersus,train,1,0,
Spheniscus_humboldti,train,1,0,
Spinus_pinus,test,1,0,
Spinus_tristis,test,1,0,
Spisula_solidissima,train,1,0,
Spiza_americana,val,1,0,
Spizella_breweri,train,1,0,
Spizella_pallida,train,1,0,
Spizella_passerina,train,1,0,
Spizella_pusilla,test,1,0,
Spizelloides_arborea,train,1,0,
Sporophila_beltoni,test,1,0,
Sporophila_corvina,train,1,0,
Sporophila_plumbea,val,1,0,
Squalius_cephalus,test,1,0,
Squalus_megalops,train,1,0,
Squalus_montalbani,train,1,0,
Squatina_californica,test,1,0,
Stagnicola_palustris,train,1,0,
Steatornis_caripensis,val,1,0,
Stegastes_acapulcoensis,test,1,0,
Stegastes_arcifrons,train,1,0,
Stegastes_beebei,train,1,0,
Stegastes_flavilatus,test,1,0,
Stegastes_fuscus,train,1,0,
Stegastes_nigricans,train,1,0,
Stegastes_planifrons,val,1,0,
Stegastes_rectifraenum,train,1,0,
Stelgidopteryx_ruficollis,train,1,0,
Stephanoaetus_coronatus,test,1,0,
Stercorarius_antarcticus,train,1,0,
Stercorarius_longicaudus,train,1,0,
Stercorarius_maccormicki,train,1,0,
Stercorarius_parasiticus,train,1,0,
Stercorarius_pomarinus,train,1,0,
Stercorarius_skua,train,1,0,
Sterna_dougallii,train,1,0,
Sterna_forsteri,train,1,0,
Sterna_hirundo,val,1,0,
Sterna_paradisaea,train,1,0,
Sterna_sumatrana,test,1,0,
Sternoclyta_cyanopectus,train,1,0,
Sternotherus_minor,test,1,0,
Sternula_albifrons,train,1,0,
Sternula_antillarum,test,1,0,
Stigmatogobius_pleurostigma,test,1,0,
Stolephorus_carpentariae,test,1,0,
Stolephorus_commersonnii,test,1,0,
Stolephorus_indicus,val,1,0,
Stolephorus_insularis,val,1,0,
Stolephorus_nelsoni,train,1,0,
Stolephorus_waitei,test,1,0,
Strangomera_bentincki,train,1,0,
Streptocephalus_sealii,val,1,0,
Streptocephalus_siamensis,train,1,0,
Streptocephalus_sirindhornae,train,1,0,
Streptocephalus_torvicornis,val,1,0,
Streptocephalus_vitreus,train,1,0,
Streptopelia_decaocto,train,1,0,
Streptopelia_roseogrisea,train,1,0,
Streptoprocne_biscutata,train,1,0,
Streptoprocne_rutila,train,1,0,
Streptoprocne_zonaris,train,1,0,
Strigops_habroptila,train,1,0,
Strix_occidentalis,train,1,0,
Strix_uralensis,train,1,0,
Struthio_camelus,val,1,0,
Sturnella_magna,train,1,0,
Sturnella_neglecta,train,1,0,
Sturnus_vulgaris,val,1,0,
Styela_plicata,train,1,0,
Sufflogobius_bibarbatus,train,1,0,
Sula_dactylatra,train,1,0,
Sula_leucogaster,train,1,0,
Sula_nebouxii,train,1,0,
Surnia_ulula,train,1,0,
Sylvia_atricapilla,test,1,0,
Symphurus_plagiusa,val,1,0,
Sympterygia_bonapartii,test,1,0,
Symsagittifera_roscoffensis,val,1,0,
Syngnathoides_biaculeatus,val,1,0,
Syngnathus_abaster,val,1,0,
Syngnathus_fuscus,train,1,0,
Syngnathus_taenionotus,train,1,0,
Synodontis_batensoda,train,1,0,
Synodontis_clarias,train,1,0,
Synodontis_membranaceus,val,1,0,
Synodontis_nebulosus,train,1,0,
Synodontis_schall,train,1,0,
Synodontis_zambezensis,train,1,0,
Synoicus_chinensis,train,1,0,
Synthliboramphus_scrippsi,train,1,0,
Systellura_longirostris,val,0,5,
Tachycineta_albilinea,train,1,0,
Tachycineta_bicolor,test,1,0,
Tachycineta_cyaneoviridis,train,1,0,
Tachycineta_leucorrhoa,train,1,0,
Tachycineta_stolzmanni,val,1,0,
Tachycineta_thalassina,val,1,0,
Tadorna_cana,train,1,0,
Taeniopygia_guttata,train,1,0,
Takydromus_hsuehshanensis,test,1,0,
Tangara_parzudakii,train,1,0,
Tauraco_corythaix,test,1,0,
Tauraco_erythrolophus,train,1,0,
Telespiza_cantans,train,1,0,
Terrapene_carolina,test,1,0,
Tersina_viridis,train,1,0,
Testudo_hermanni,val,1,0,
Tetrao_urogallus,train,1,0,
Tetraogallus_himalayensis,train,1,0,
Tetrapturus_pfluegeri,train,1,0,
Tetrastes_bonasia,val,1,0,
Tetronarce_nobiliana,train,1,0,
Thalassarche_cauta,train,1,0,
Thalassarche_chrysostoma,test,1,0,
Thalassarche_melanophrys,train,1,0,
Thalasseus_bergii,train,1,0,
Thalasseus_elegans,train,1,0,
Thalasseus_sandvicensis,train,1,0,
Thalassoica_antarctica,train,1,0,
Thamnocephalus_platyurus,test,1,0,
Thamnophilus_caerulescens,train,1,0,
Theropithecus_gelada,val,1,0,
Thraupis_episcopus,train,1,0,
Threskiornis_aethiopicus,train,1,0,
Threskiornis_molucca,train,1,0,
Thripadectes_holostictus,train,1,0,
Thryothorus_ludovicianus,train,1,0,
Thryssa_aestuaria,train,1,0,
Thryssa_hamiltonii,val,1,0,
Thryssa_setirostris,train,1,0,
Thunnus_alalunga,train,1,0,
Thunnus_albacares,val,1,0,
Thunnus_obesus,val,1,0,
Thymallus_baicalensis,train,1,0,
Thymallus_nigrescens,val,1,0,
Tichodroma_muraria,train,1,0,
Tiliqua_rugosa,val,1,0,
Tockus_monteiri,train,1,0,
Todiramphus_cinnamominus,val,1,0,
Tolmomyias_sulphurescens,val,1,0,
Torgos_tracheliotus,test,1,0,
Torpedo_marmorata,test,1,0,
Toxostoma_curvirostre,train,1,0,
Toxostoma_longirostre,test,1,0,
Toxostoma_rufum,test,1,0,
Trachemys_scripta,train,1,0,
Trachurus_indicus,train,1,0,
Trachurus_japonicus,train,1,0,
Trachurus_lathami,train,1,0,
Trachurus_mediterraneus,train,1,0,
Trachurus_murphyi,test,1,0,
Trachurus_novaezelandiae,train,1,0,
Trachurus_picturatus,train,1,0,
Trachurus_symmetricus,train,1,0,
Trachurus_trachurus,train,1,0,
Trachycephalus_resinifictrix,train,1,0,
Trematomus_bernacchii,val,1,0,
Trematomus_eulepidotus,val,1,0,
Trematomus_hansoni,test,1,0,
Trematomus_lepidorhinus,train,1,0,
Trematomus_loennbergii,train,1,0,
Trematomus_newnesi,train,1,0,
Trematomus_nicolai,train,1,0,
Trematomus_pennellii,train,1,0,
Trematomus_scotti,train,1,0,
Triakis_megalopterus,train,1,0,
Triakis_scyllium,test,1,0,
Triakis_semifasciata,train,1,0,
Trichiurus_lepturus,test,1,0,
Trichiurus_lepturus_japonicus,train,1,0,
Trichoglossus_euteles,train,1,0,
Trichoglossus_haematodus,train,1,0,
Trichomycterus_itacarambiensis,test,1,0,
Tridacna_gigas,val,1,0,
Trigla_lyra,train,1,0,
Trimma_benjamini,train,1,0,
Trimma_nasa,val,1,0,
Tringa_totanus,train,1,0,
Triops_longicaudatus,train,1,0,
Triportheus_albus,train,1,0,
Triportheus_angulatus,test,1,0,
Triportheus_elongatus,train,1,0,
Tritia_reticulatus,val,1,0,
Tritogonia_verrucosa,train,1,0,
Triturus_cristatus,test,1,0,
Triturus_dobrogicus,val,1,0,
Triturus_karelinii,test,1,0,
Trochalopteron_elliotii,train,1,0,
Troglodytes_aedon,test,1,0,
Troglodytes_musculus,val,1,0,
Truncilla_truncata,train,1,0,
Trygonoptera_mucosa,test,1,0,
Trygonoptera_personata,train,1,0,
Trygonorrhina_fasciata,train,1,0,
Trypauchen_vagina,train,1,0,
Tunchiornis_ochraceiceps,train,1,0,
Turdus_eremita,train,1,0,
Turdus_hauxwelli,test,1,0,
Turdus_iliacus,test,1,0,
Turdus_merula,train,1,0,
Turdus_migratorius,train,1,0,
Turdus_olivaceus,test,1,0,
Turdus_philomelos,train,1,0,
Turdus_rubrocanus,train,1,0,
Turdus_rufiventris,train,1,0,
Turdus_torquatus,val,1,0,
Turdus_viscivorus,train,1,0,
Turnix_sylvaticus,train,1,0,
Tylosurus_acus,train,1,0,
Tylosurus_crocodilus,train,1,0,
Tympanuchus_pallidicinctus,train,1,0,
Tympanuchus_phasianellus,train,1,0,
Typhlichthys_subterraneus,train,1,0,
Typhlonarke_aysoni,train,1,0,
Tyrannus_forficatus,train,1,0,
Tyrannus_melancholicus,train,1,0,
Tyrannus_savana,train,1,0,
Tyrannus_tyrannus,train,1,0,
Tyto_alba,train,1,0,
Ulvaria_subbifurcata,train,1,0,
Umbra_krameri,val,1,0,
Umbra_limi,val,1,0,
Upupa_epops,train,1,0,
Urechis_caupo,test,1,0,
Uria_aalge,test,1,0,
Uria_lomvia,val,1,0,
Urobatis_halleri,test,1,0,
Urocolius_macrourus,train,1,0,
Urogymnus_polylepis,val,1,0,
Urolophus_lobatus,val,1,0,
Urolophus_paucimaculatus,train,1,0,
Urophycis_tenuis,train,1,0,
Urosphena_squameiceps,val,1,0,
Urotrygon_aspidura,train,1,0,
Urotrygon_rogersi,train,1,0,
Ursus_maritimus,train,1,0,
Valenciennea_muralis,train,1,0,
Valenciennea_strigata,train,1,0,
Vanellus_armatus,train,1,0,
Vanellus_coronatus,val,1,0,
Vanellus_vanellus,train,1,0,
Varanus_bengalensis,test,1,0,
Varanus_komodoensis,val,1,0,
Variola_louti,train,1,0,
Verasper_moseri,train,1,0,
Verasper_variegatus,train,1,0,
Vermivora_cyanoptera,test,1,0,
Vultur_gryphus,train,1,0,
Wallabia_bicolor,test,1,0,
Wallago_attu,train,1,0,
Xanthocephalus_xanthocephalus,test,1,0,
Xantusia_vigilis,train,1,0,
Xema_sabini,train,1,0,
Xenosaurus_platyceps,train,1,0,
Xiphias_gladius,val,1,0,
Xiphocolaptes_falcirostris,train,1,0,
Xiphophorus_maculatus,train,1,0,
Xolmis_pyrope,train,1,0,
Xylonora_atlantica,train,1,0,
Zanda_funerea,train,1,0,
Zanda_latirostris,train,1,0,
Zaprora_silenus,train,1,0,
Zapteryx_brevirostris,test,1,0,
Zapteryx_exasperata,val,1,0,
Zearaja_nasuta,train,1,0,
Zenaida_macroura,train,1,0,
Zhangixalus_omeimontis,train,1,0,
Zimmerius_chrysops,train,1,0,
Ziphius_cavirostris,train,1,0,
Zoarces_americanus,train,1,0,
Zonotrichia_albicollis,train,1,0,
Zonotrichia_atricapilla,train,1,0,
Zonotrichia_capensis,train,1,0,
Zonotrichia_leucophrys,train,1,0,
Zonotrichia_querula,train,1,0,
Zootoca_vivipara,val,1,0,
Zosterisessor_ophiocephalus,val,1,0,
Zosterops_lateralis,train,1,0,
Zosterops_virens,val,1,0,
